t_host_s,phase,fan_subject,visible,reason,x_w,y_w,z_w,visible_count,expected_count_ok
260368.0647968,prelaunch,Fan_1,True,ok,3.867630999879299,2.0772166079289525,0.3677208038440555,4,True
260368.0657196,prelaunch,Fan_2,True,ok,4.597565394499888,2.758158451316825,0.3703979796435406,4,True
260368.0657901,prelaunch,Fan_3,True,ok,2.762595295086224,2.734964197849294,0.3645125247867802,4,True
260368.0658326,prelaunch,Fan_4,True,ok,4.928346737899498,1.893328849273039,0.36704241926596115,4,True
