t_host_s,phase,fan_subject,visible,reason,x_w,y_w,z_w,visible_count,expected_count_ok
247083.7472022,prelaunch,Fan_1,True,ok,2.977151208010352,3.583426225439574,0.3827698593014134,4,True
247083.7476805,prelaunch,Fan_2,True,ok,5.42358138278235,3.575588576258532,0.3697928408456695,4,True
247083.7477258,prelaunch,Fan_3,True,ok,2.981950037017845,1.0819323518788688,0.36654874312076197,4,True
247083.7477569,prelaunch,Fan_4,True,ok,5.363369542401873,1.1898373590850582,0.3640962873937823,4,True
