t_host_s,phase,fan_subject,visible,reason,x_w,y_w,z_w,visible_count,expected_count_ok
246236.4228814,prelaunch,Fan_1,True,ok,2.9772587196667892,3.5827261902816194,0.38328095018137415,4,True
246236.4235843,prelaunch,Fan_2,True,ok,5.422255659182427,3.57588494411395,0.3695778663112241,4,True
246236.4236503,prelaunch,Fan_3,True,ok,2.981595895411745,1.0768397982858673,0.36701626912870333,4,True
246236.423695,prelaunch,Fan_4,True,ok,5.366579874073609,1.1691082300246687,0.3619366377263512,4,True
