t_host_s,phase,fan_subject,visible,reason,x_w,y_w,z_w,visible_count,expected_count_ok
252665.0966972,prelaunch,Fan_1,True,ok,3.4536715143663415,2.386307495145909,0.3726336938189218,3,True
252665.0973035,prelaunch,Fan_2,True,ok,4.7712396558483,2.42778560452241,0.3760801167465332,3,True
252665.0973493,prelaunch,Fan_3,True,ok,2.239352568353707,2.1967579644463573,0.3680636681743471,3,True
252665.097369,prelaunch,Fan_4,False,fan_subject_occluded,,,,3,True
