t_host_s,phase,fan_subject,visible,reason,x_w,y_w,z_w,visible_count,expected_count_ok
257934.0303355,prelaunch,Fan_1,True,ok,3.867176967490446,2.0739640445914236,0.36961541457176317,4,True
257934.0309612,prelaunch,Fan_2,True,ok,4.563562435158495,2.727310427476039,0.3676799436885704,4,True
257934.0310138,prelaunch,Fan_3,True,ok,2.7643340687581204,2.7510175019171514,0.35849215031959725,4,True
257934.0310464,prelaunch,Fan_4,True,ok,4.957247100779972,1.8429846445805413,0.36544536416811824,4,True
