t_host_s,phase,fan_subject,visible,reason,x_w,y_w,z_w,visible_count,expected_count_ok
245939.6112277,prelaunch,Fan_1,True,ok,2.9766465109257974,3.582656441679638,0.3829946478327888,4,True
245939.6130126,prelaunch,Fan_2,True,ok,5.42310755115916,3.575196440846285,0.3696688770914204,4,True
245939.6131262,prelaunch,Fan_3,True,ok,2.9806820231796243,1.0776159693077205,0.3678833160626569,4,True
245939.6132058,prelaunch,Fan_4,True,ok,5.36222572351057,1.1657066613940057,0.362857161667132,4,True
