t_host_s,phase,fan_subject,visible,reason,x_w,y_w,z_w,visible_count,expected_count_ok
243222.2813459,prelaunch,Fan_1,True,ok,2.9774424436963214,3.5795561983746422,0.3841335408181964,4,True
243222.2820513,prelaunch,Fan_2,True,ok,5.42040965577301,3.6448660195345415,0.37480210912367945,4,True
243222.2821107,prelaunch,Fan_3,True,ok,3.020025270084135,1.1887956086480447,0.36924290264193554,4,True
243222.2821459,prelaunch,Fan_4,True,ok,5.352715771020094,1.157382943226493,0.3646454664516209,4,True
