t_host_s,phase,fan_subject,visible,reason,x_w,y_w,z_w,visible_count,expected_count_ok
242109.9398753,prelaunch,Fan_1,True,ok,2.975612844215927,3.5779801572653893,0.38529110743053635,4,True
242109.9404495,prelaunch,Fan_2,True,ok,5.419194172557824,3.639380285857073,0.37695621355044834,4,True
242109.940501,prelaunch,Fan_3,True,ok,3.012332107391478,1.1908850644155982,0.3717225652013611,4,True
242109.9405322,prelaunch,Fan_4,True,ok,5.352911390990397,1.168511876313522,0.36695298882080374,4,True
