t_host_s,phase,fan_subject,visible,reason,x_w,y_w,z_w,visible_count,expected_count_ok
257473.9606624,prelaunch,Fan_1,True,ok,3.866913537134188,2.074364260571055,0.37023914490143306,4,True
257473.961361,prelaunch,Fan_2,True,ok,4.563985342439754,2.7283702450683287,0.36814223208398045,4,True
257473.9614243,prelaunch,Fan_3,True,ok,2.76116323312404,2.730070439326409,0.3674691535137804,4,True
257473.961459,prelaunch,Fan_4,True,ok,4.957234677717314,1.8429935374945294,0.36595690902011524,4,True
