t_host_s,phase,fan_subject,visible,reason,x_w,y_w,z_w,visible_count,expected_count_ok
252700.2078048,prelaunch,Fan_1,True,ok,3.4535746879412197,2.3867551938248726,0.3731281157969361,3,True
252700.2089712,prelaunch,Fan_2,True,ok,4.771105949058097,2.428311702764115,0.37582189736117144,3,True
252700.2091109,prelaunch,Fan_3,True,ok,2.2394741979686987,2.197223106036728,0.36848785436724446,3,True
252700.2091718,prelaunch,Fan_4,False,fan_subject_occluded,,,,3,True
