SurfaceName,IsActive,BoardCommitToReferenceCount,BoardCommitToReferenceMedian_s,BoardCommitToReferenceP95_s,ReferenceToTrainerCount,ReferenceToTrainerMedian_s,ReferenceToTrainerP95_s,TrainerToReceiverCount,TrainerToReceiverMedian_s,TrainerToReceiverP95_s
Aileron_L,1,300,-0.00230657499997111,0.00922026361910594,300,0.0200005000000001,0.0200017500000001,296,-0.00929962499999992,0.0107365625
Aileron_R,1,300,-0.00230657499997111,0.00922026361910594,300,0.0214905000000003,0.0214919999999999,296,-0.0107897499999998,0.00924625000000001
Rudder,1,300,-0.00230657499997111,0.00922026361910594,300,0.0229885000000003,0.0229900000000001,296,-0.0122877499999998,0.00774850000000001
Elevator,1,300,-0.00230657499997111,0.00922026361910594,300,0.0244765,0.0244779999999998,296,-0.0137757499999998,0.00626050000000002
