metric,count,mean_s,median_s,p95_s,p99_s,max_s
host_scheduling_delay_s,344,0.000151360465116027,0.000112999999999808,0.000343999999998346,0.00106599999999979,0.00106599999999979
dispatch_to_rx_latency_s,344,0.00766990697674451,0.00761399999999668,0.00805150000000054,0.0082494999999998,0.0082494999999998
rx_to_commit_latency_s,344,0.0134092325581394,0.0134874999999965,0.0136579999999995,0.0137709999999984,0.0137709999999984
commit_to_reference_latency_s,344,0,0,0,0,0
reference_to_receiver_latency_s,344,0.153507531976744,0.149111999999999,0.228896499999998,0.248847500000004,0.248847500000004
scheduled_to_receiver_latency_s,344,0.174738031976744,0.1703425,0.250126999999999,0.270077999999998,0.270077999999998
