SurfaceName,TransitionCount,TrainerMatchedCount,ReceiverMatchedCount,TrainerMissCount,ReceiverMissCount,CommitToTrainerCount,CommitToTrainerMean_s,CommitToTrainerMedian_s,CommitToTrainerP95_s,CommitToTrainerP99_s,CommitToTrainerMax_s,CommitToReceiverCount,CommitToReceiverMean_s,CommitToReceiverMedian_s,CommitToReceiverP95_s,CommitToReceiverP99_s,CommitToReceiverMax_s,DispatchToReceiverCount,DispatchToReceiverMean_s,DispatchToReceiverMedian_s,DispatchToReceiverP95_s,DispatchToReceiverP99_s,DispatchToReceiverMax_s,ScheduledToReceiverCount,ScheduledToReceiverMean_s,ScheduledToReceiverMedian_s,ScheduledToReceiverP95_s,ScheduledToReceiverP99_s,ScheduledToReceiverMax_s
Aileron_L,316,316,316,0,0,316,0.020017178620690013,0.020022169554893665,0.020063473754738936,0.020073052626683817,0.02007500697368414,316,0.012883832313364705,0.010057762755369737,0.030078210636052205,0.04707007259034067,0.05014859406811212,316,0.023076015857668438,0.020273184920924336,0.040231888794459714,0.057050038182749764,0.06037859406811208,316,0.023286085477921725,0.020459762755372424,0.040480960636054775,0.057472072590339804,0.06055059406811125
Aileron_R,316,316,316,0,0,316,0.0015069855827154251,0.0015025608608887353,0.0015842332510977997,0.001616241499723614,0.0016298311786542286,316,0.014719254781719114,0.010064975817080324,0.030195766976891747,0.05019941991717971,0.05021016206850959,316,0.02491143832602285,0.020279153439851427,0.04044824930060287,0.06037605288898149,0.06048120661569101,316,0.025121507946276135,0.02046709392112689,0.040598260080937365,0.06060141991717884,0.060612162068522935
Rudder,143,143,143,0,0,143,0.0030063923361743107,0.003011897360089222,0.00305335854175155,0.0030614836668625854,0.003064644341179701,143,0.013681776024641077,0.01008038814858736,0.030151212282768826,0.04174128195437543,0.05011354096576781,143,0.02388630050016566,0.020297083300654606,0.0403877179395451,0.05195884874214751,0.06035427115067904,143,0.024084069730934965,0.020482388148586494,0.04055321228276796,0.052143281954374565,0.060515540965766945
Elevator,172,172,172,0,0,172,0.004486544348489943,0.004483046395300505,0.004547177773835643,0.004559917286589723,0.004570611213829068,172,0.014811238295859253,0.010092952350984064,0.03913777438825874,0.05016688662576563,0.0501793098216865,172,0.024996313877254463,0.020290149002402558,0.04938530695654903,0.06038728063975569,0.06042541587939354,172,0.02521347085399882,0.020495452350985488,0.049539774388268884,0.06056959662576297,0.060581309821685636
