metric,count,mean_s,median_s,p95_s,p99_s,max_s
commit_to_trainer_latency_s,496,0.007240536290329384,0.003613500000003711,0.020306500000007333,0.020483150000007555,0.020517000000005226
commit_to_receiver_latency_s,496,0.0014079919354903743,0.0014100000000105695,0.0017330000000050916,0.0017650000000060118,0.001768000000005543
dispatch_to_receiver_latency_s,496,0.022725774193555218,0.022805500000011136,0.023159000000005037,0.023186000000006146,0.023192000000006985
scheduled_to_receiver_latency_s,496,0.022965169354845015,0.02296700000001195,0.023290000000006472,0.023322000000005616,0.023325000000006924
