t_host_s,phase,fan_subject,visible,reason,x_w,y_w,z_w,visible_count,expected_count_ok
258609.4136609,prelaunch,Fan_1,True,ok,3.866899731279542,2.07638618679785,0.36817711952639964,4,True
258609.4143367,prelaunch,Fan_2,True,ok,4.559906914234656,2.7215318794848757,0.36846551400454497,4,True
258609.4143907,prelaunch,Fan_3,True,ok,2.7616084277204376,2.728601837112331,0.3676399594498395,4,True
258609.4144222,prelaunch,Fan_4,True,ok,4.956299169828359,1.842747714101166,0.3652344175770137,4,True
