{
  "current_position_offset_m": [
    3.9,
    2.2,
    0.0
  ],
  "current_transform_error_m": [
    -0.198880624702507,
    -0.10377850893249918,
    -0.13983551209136855
  ],
  "current_transformed_mean_m": [
    1.001119375297493,
    1.496221491067501,
    0.060164487908631464
  ],
  "current_yaw_alignment_deg": 0.0,
  "invalid_reasons": {
    "vicon_subject_occluded": 1
  },
  "known_arena_point_m": [
    1.2,
    1.6,
    0.2
  ],
  "raw_vicon_mean_m": [
    -2.898880624702507,
    -0.7037785089324992,
    0.060164487908631464
  ],
  "raw_vicon_std_m": [
    0.0010891170222355109,
    0.000747058884700972,
    0.0019141967362696728
  ],
  "recommended_position_offset_m": [
    4.098880624702507,
    2.303778508932499,
    0.13983551209136855
  ],
  "run_root": "C:/Users/GH-X-ST/OneDrive - Imperial College London/Year 4/Final Year Project/01 - Github/Nausicaa/04_Flight_Test/05_Results/vicon_frame_calibration/20260601_193152",
  "status": "ok",
  "valid_sample_count": 150
}