t_host_s,phase,fan_subject,visible,reason,x_w,y_w,z_w,visible_count,expected_count_ok
258662.6927738,prelaunch,Fan_1,True,ok,3.8667157240119017,2.0768552426387434,0.3683566893725849,4,True
258662.693467,prelaunch,Fan_2,True,ok,4.560041693676859,2.722076795932674,0.3679982235031405,4,True
258662.6935287,prelaunch,Fan_3,True,ok,2.761727015245942,2.7306646057489457,0.36685780150535896,4,True
258662.6936681,prelaunch,Fan_4,True,ok,4.956292866383768,1.8429682878519091,0.3651082822355721,4,True
