{
  "active_profile_update": {
    "body_rate_limit_rad_s": 6.0,
    "body_rate_observer_window_frames": 7,
    "derivative_cutoff_hz": 8.0,
    "launch_gate_body_rate_limits_rad_s": [
      1.2,
      1.2,
      1.8
    ],
    "launch_gate_rate_confidence_min": 0.65,
    "launch_gate_required_consecutive_frames": 2,
    "profile_hash": "6a98a210147a67cc11ff623781cd0353ee5a411a51e4a8196adb354a7056c62e",
    "profile_id": "nausicaa_real_flight_vicon_calibration_20260603_131504",
    "profile_path": "c:/Users/GH-X-ST/OneDrive - Imperial College London/Year 4/Final Year Project/01 - Github/Nausicaa/04_Flight_Test/01_Runtime/calibration_profile.py",
    "profile_version": "1.0",
    "rejected_launch_attempt_min_speed_m_s": 2.0,
    "requested_vicon_tracking_rate_hz": 200.0,
    "vicon_attitude_signs": [
      1.0,
      -1.0,
      -1.0
    ],
    "vicon_position_offset_m": [
      4.152039683430518,
      2.461843553515413,
      0.03420135378702735
    ],
    "vicon_yaw_alignment_deg": 0.0
  },
  "current_position_offset_m": [
    4.152041130679533,
    2.46181438091039,
    0.034154968583472264
  ],
  "current_transform_error_m": [
    1.44724901640636e-06,
    -2.9172605024774256e-05,
    -4.6385203555071586e-05
  ],
  "current_transformed_mean_m": [
    1.2000014472490164,
    1.5999708273949753,
    0.09995361479644493
  ],
  "current_yaw_alignment_deg": 0.0,
  "invalid_reasons": {
    "vicon_subject_occluded": 1
  },
  "known_arena_point_m": [
    1.2,
    1.6,
    0.1
  ],
  "raw_vicon_mean_m": [
    -2.9520396834305176,
    -0.8618435535154131,
    0.06579864621297266
  ],
  "raw_vicon_std_m": [
    0.00010122972454709966,
    0.00010719910137702298,
    0.0002203894400130869
  ],
  "recommended_position_offset_m": [
    4.152039683430518,
    2.461843553515413,
    0.03420135378702735
  ],
  "run_root": "C:/Users/GH-X-ST/OneDrive - Imperial College London/Year 4/Final Year Project/01 - Github/Nausicaa/04_Flight_Test/05_Results/vicon_frame_calibration/20260603_131504",
  "status": "ok",
  "valid_sample_count": 150
}