t_host_s,phase,fan_subject,visible,reason,x_w,y_w,z_w,visible_count,expected_count_ok
257740.0233947,prelaunch,Fan_1,True,ok,3.867071987245392,2.0728349177860084,0.37057587343777765,4,True
257740.0252809,prelaunch,Fan_2,True,ok,4.563356852033447,2.727092771276535,0.36884418191752466,4,True
257740.025386,prelaunch,Fan_3,True,ok,2.7626729845993543,2.7368886267695003,0.36492048606328975,4,True
257740.0254269,prelaunch,Fan_4,True,ok,4.95623911070299,1.8421962857799858,0.3660358232815225,4,True
