t_host_s,phase,fan_subject,visible,reason,x_w,y_w,z_w,visible_count,expected_count_ok
257788.2440253,prelaunch,Fan_1,True,ok,3.867277299902957,2.073685584492313,0.3697651730809507,4,True
257788.2457526,prelaunch,Fan_2,True,ok,4.563578097805613,2.7266758951981473,0.36863438484651,4,True
257788.2457913,prelaunch,Fan_3,True,ok,2.762809096509538,2.7396673708479216,0.363157594947799,4,True
257788.2458143,prelaunch,Fan_4,True,ok,4.957236443896953,1.8427259287301063,0.36579066143589034,4,True
