check_index,elapsed_s,fan_subject,visible,reason,frame_number,target_x_w_m,target_y_w_m,target_z_w_m,raw_x_m,raw_y_m,raw_z_m,x_w_m,y_w_m,z_w_m,dx_m,dy_m,dz_m,error_axis,error_m,within_tolerance,all_visible,all_within_tolerance
1,0.03460759998415597,Fan_1,False,fan_subject_occluded,4893792,3.0,3.6,0.75,,,,,,,,,,xy,,False,False,False
1,0.03460759998415597,Fan_2,False,fan_subject_occluded,4893792,5.4,3.6,0.75,,,,,,,,,,xy,,False,False,False
1,0.03460759998415597,Fan_3,False,fan_subject_occluded,4893792,3.0,1.2,0.75,,,,,,,,,,xy,,False,False,False
1,0.03460759998415597,Fan_4,False,fan_subject_occluded,4893792,5.4,1.2,0.75,,,,,,,,,,xy,,False,False,False
2,10.039581999997608,Fan_1,True,ok,4902363,3.0,3.6,0.75,-0.8973921169197848,1.0848676261795929,0.3506307428589628,2.973385192856167,3.5793472646051443,0.38780804352179293,-0.02661480714383302,-0.020652735394855792,-0.36219195647820707,xy,0.02661480714383302,True,True,True
2,10.039581999997608,Fan_2,True,ok,4902363,5.4,3.6,0.75,1.5445051113284902,1.1423445893359903,0.3440279157349557,5.415282421104442,3.636824227761542,0.3812052163977859,0.015282421104442001,0.03682422776154182,-0.3687947836022141,xy,0.03682422776154182,True,True,True
2,10.039581999997608,Fan_3,True,ok,4902363,3.0,1.2,0.75,-0.8589194676137235,-1.2989348544679247,0.33818088935110796,3.0118578421622284,1.195544783957627,0.3753581900139381,0.011857842162228405,-0.004455216042372978,-0.3746418099860619,xy,0.011857842162228405,True,True,True
2,10.039581999997608,Fan_4,True,ok,4902363,5.4,1.2,0.75,1.4840309031465757,-1.3322018692571702,0.3359481384661373,5.354808212922528,1.1622777691683814,0.37312543912896745,-0.04519178707747251,-0.03772223083161852,-0.37687456087103255,xy,0.04519178707747251,True,True,True
