t_host_s,phase,fan_subject,visible,reason,x_w,y_w,z_w,visible_count,expected_count_ok
247452.2386891,prelaunch,Fan_1,True,ok,2.9766508222233647,3.5826683289809145,0.38292877749821563,4,True
247452.2394715,prelaunch,Fan_2,True,ok,5.423202395341405,3.577325717713744,0.3688774925509311,4,True
247452.2395247,prelaunch,Fan_3,True,ok,2.9811999114927215,1.0793324824571857,0.3650183160090609,4,True
247452.239555,prelaunch,Fan_4,True,ok,5.369292846468915,1.1799299143416735,0.3621941718653413,4,True
