t_host_s,phase,fan_subject,visible,reason,x_w,y_w,z_w,visible_count,expected_count_ok
246447.347619,prelaunch,Fan_1,True,ok,2.9770759756306027,3.5826417269282667,0.3833301301080945,4,True
246447.3493485,prelaunch,Fan_2,True,ok,5.42243136347353,3.576870605002065,0.3694772100032632,4,True
246447.349405,prelaunch,Fan_3,True,ok,2.9821242765016427,1.0777313619150137,0.36653022230969606,4,True
246447.3494338,prelaunch,Fan_4,True,ok,5.365500718624829,1.17055601242776,0.3625074595627142,4,True
