{
  "current_position_offset_m": [
    3.9,
    2.2,
    1.95
  ],
  "current_transform_error_m": [
    -0.2361587952505656,
    -0.21142720570759188,
    1.9158525393726848
  ],
  "current_transformed_mean_m": [
    0.9638412047494344,
    1.3885727942924082,
    2.015852539372685
  ],
  "current_yaw_alignment_deg": 0.0,
  "invalid_reasons": {
    "vicon_subject_occluded": 1
  },
  "known_arena_point_m": [
    1.2,
    1.6,
    0.1
  ],
  "raw_vicon_mean_m": [
    -2.936158795250567,
    -0.8114272057075915,
    0.06585253937268493
  ],
  "raw_vicon_std_m": [
    0.00010733092785685101,
    7.119074488612271e-05,
    7.559268083107745e-05
  ],
  "recommended_position_offset_m": [
    4.136158795250567,
    2.4114272057075916,
    0.03414746062731508
  ],
  "run_root": "C:/Users/GH-X-ST/OneDrive - Imperial College London/Year 4/Final Year Project/01 - Github/Nausicaa/04_Flight_Test/05_Results/vicon_frame_calibration/20260602_181644",
  "status": "ok",
  "valid_sample_count": 150
}