policy_id,primitive_execution_count,continuation_agreement_rate,terminal_agreement_rate,hard_failure_agreement_rate,mean_energy_residual_actual_m,mean_lift_dwell_actual_s
context_only_without_memory,101,0.7722772277227723,0.8811881188118812,0.39603960396039606,-0.2458786172769133,0.21920792079207924
context_plus_memory_lambda_0_5,101,0.7722772277227723,0.8811881188118812,0.39603960396039606,-0.2458786172769133,0.21920792079207924
context_plus_memory_lambda_0_8,101,0.7722772277227723,0.8811881188118812,0.39603960396039606,-0.2458786172769133,0.21920792079207924
context_plus_memory_lambda_0_95,101,0.7722772277227723,0.8811881188118812,0.39603960396039606,-0.2458786172769133,0.21920792079207924
no_memory_baseline,101,0.7722772277227723,0.8811881188118812,0.39603960396039606,-0.2458786172769133,0.21920792079207924
static_map_baseline,101,0.7722772277227723,0.8811881188118812,0.39603960396039606,-0.2458786172769133,0.21920792079207924
