t_host_s,phase,fan_subject,visible,reason,x_w,y_w,z_w,visible_count,expected_count_ok
246394.2537465,prelaunch,Fan_1,True,ok,2.9773027136568957,3.5816869149584933,0.38335486518670037,4,True
246394.2542995,prelaunch,Fan_2,True,ok,5.422678753098378,3.5762067273439095,0.36999093584584275,4,True
246394.2543495,prelaunch,Fan_3,True,ok,2.982030238091834,1.0770373972965945,0.3664634729730747,4,True
246394.2543792,prelaunch,Fan_4,True,ok,5.36565272382238,1.171261195956697,0.3629665325900994,4,True
