t_host_s,phase,fan_subject,visible,reason,x_w,y_w,z_w,visible_count,expected_count_ok
257384.8001416,prelaunch,Fan_1,True,ok,3.866996664574699,2.073858024627929,0.3703411596750842,4,True
257384.8009869,prelaunch,Fan_2,True,ok,4.564861239158533,2.7299525631018358,0.3682001545768582,4,True
257384.8010452,prelaunch,Fan_3,True,ok,2.7611362826410044,2.7279339122434063,0.36827836535080505,4,True
257384.8010794,prelaunch,Fan_4,True,ok,4.957399036007661,1.8425326595246792,0.3659673941716951,4,True
