t_host_s,phase,fan_subject,visible,reason,x_w,y_w,z_w,visible_count,expected_count_ok
247423.9382792,prelaunch,Fan_1,True,ok,2.976568953840129,3.5825180886812658,0.382568366138913,4,True
247423.9390624,prelaunch,Fan_2,True,ok,5.423395237782575,3.577351541386344,0.3689064878040813,4,True
247423.9391152,prelaunch,Fan_3,True,ok,2.9813999074366277,1.078590651051986,0.3654822825856001,4,True
247423.9391459,prelaunch,Fan_4,True,ok,5.369122897524039,1.1799919942532984,0.36240817208911974,4,True
