t_host_s,phase,fan_subject,visible,reason,x_w,y_w,z_w,visible_count,expected_count_ok
247466.2443613,prelaunch,Fan_1,True,ok,2.9769100280846823,3.582591727641243,0.38313409565227213,4,True
247466.2451027,prelaunch,Fan_2,True,ok,5.423152098673261,3.5771040770186078,0.3688845350352114,4,True
247466.2452424,prelaunch,Fan_3,True,ok,2.981504427297905,1.0778312914821642,0.365351564758909,4,True
247466.2453152,prelaunch,Fan_4,True,ok,5.368834760966418,1.179782778152222,0.3623714586219813,4,True
