t_host_s,phase,fan_subject,visible,reason,x_w,y_w,z_w,visible_count,expected_count_ok
243739.4948098,prelaunch,Fan_1,True,ok,2.9770935093621373,3.582787941226802,0.38399083991005356,4,True
243739.4958587,prelaunch,Fan_2,True,ok,5.419673037163695,3.65078513213875,0.37571372796207564,4,True
243739.4960562,prelaunch,Fan_3,True,ok,3.0122244461944616,1.133578118372377,0.3718533470545485,4,True
243739.4961548,prelaunch,Fan_4,True,ok,5.360979663778652,1.1566834350643032,0.36380267864954385,4,True
