t_host_s,phase,fan_subject,visible,reason,x_w,y_w,z_w,visible_count,expected_count_ok
246410.2307256,prelaunch,Fan_1,True,ok,2.976793943284375,3.5826889653680896,0.3827452091163033,4,True
246410.2313293,prelaunch,Fan_2,True,ok,5.422724492437501,3.577114090403671,0.3699386724504013,4,True
246410.2313779,prelaunch,Fan_3,True,ok,2.981388446031965,1.0765248597239614,0.3659629683364996,4,True
246410.2314049,prelaunch,Fan_4,True,ok,5.365321909939173,1.1690084916794774,0.36280540220469115,4,True
