t_host_s,phase,fan_subject,visible,reason,x_w,y_w,z_w,visible_count,expected_count_ok
257205.7787897,prelaunch,Fan_1,True,ok,3.8668643588227165,2.073594730783864,0.3702114006750964,4,True
257205.7800333,prelaunch,Fan_2,True,ok,4.564878130332581,2.729581524597259,0.36874160837426206,4,True
257205.7801145,prelaunch,Fan_3,True,ok,2.761147661353612,2.726932659377368,0.3683499294742085,4,True
257205.7802216,prelaunch,Fan_4,True,ok,4.957435338867672,1.8421211080739626,0.36629667196571425,4,True
