t_host_s,phase,fan_subject,visible,reason,x_w,y_w,z_w,visible_count,expected_count_ok
246356.3621975,prelaunch,Fan_1,True,ok,2.9769905162527457,3.582928126731926,0.3828257344389001,4,True
246356.3640106,prelaunch,Fan_2,True,ok,5.422512587302732,3.577893318177184,0.3696502197031079,4,True
246356.364066,prelaunch,Fan_3,True,ok,2.981086057218712,1.0765346690158488,0.3661900653446209,4,True
246356.3640982,prelaunch,Fan_4,True,ok,5.365711570364104,1.1696460450864667,0.36297667116383275,4,True
