t_host_s,phase,fan_subject,visible,reason,x_w,y_w,z_w,visible_count,expected_count_ok
260961.9120785,prelaunch,Fan_1,True,ok,3.869094059785987,2.078172264887611,0.3670005240572384,4,True
260961.9126142,prelaunch,Fan_2,True,ok,4.597621239176951,2.7583157344852993,0.37072583479484345,4,True
260961.9126578,prelaunch,Fan_3,True,ok,2.7587598749739586,2.7265153163800444,0.36958159668579893,4,True
260961.9126847,prelaunch,Fan_4,True,ok,4.928268926714641,1.8934841641713152,0.3669342672359712,4,True
