t_host_s,phase,fan_subject,visible,reason,x_w,y_w,z_w,visible_count,expected_count_ok
246185.6876661,prelaunch,Fan_1,True,ok,2.976861369993982,3.5827442554681177,0.38329600280557935,4,True
246185.6883223,prelaunch,Fan_2,True,ok,5.422708427625407,3.575630225730942,0.3697173397273348,4,True
246185.6884655,prelaunch,Fan_3,True,ok,2.9814237613479873,1.0762139457000148,0.3673676288596587,4,True
246185.6885282,prelaunch,Fan_4,True,ok,5.364279278959293,1.1672334082429177,0.36179229484298864,4,True
