t_host_s,phase,fan_subject,visible,reason,x_w,y_w,z_w,visible_count,expected_count_ok
252434.4212182,prelaunch,Fan_1,True,ok,3.453575901144941,2.387024455642232,0.37296437525373605,3,True
252434.4220986,prelaunch,Fan_2,True,ok,4.771144540500956,2.428473682032739,0.3757227172832254,3,True
252434.4221927,prelaunch,Fan_3,True,ok,2.2400810691444746,2.1973706064157623,0.368382762820933,3,True
252434.4224657,prelaunch,Fan_4,False,fan_subject_occluded,,,,3,True
