t_host_s,phase,fan_subject,visible,reason,x_w,y_w,z_w,visible_count,expected_count_ok
252238.1261974,prelaunch,Fan_1,True,ok,3.453648393676421,2.3872931263688306,0.37299689018021703,3,True
252238.1269766,prelaunch,Fan_2,True,ok,4.771223971969436,2.4285532007847968,0.3761012044349285,3,True
252238.1271017,prelaunch,Fan_3,True,ok,2.240459276947278,2.1974031028912657,0.3686312114708118,3,True
252238.1271383,prelaunch,Fan_4,False,fan_subject_occluded,,,,3,True
