t_host_s,phase,fan_subject,visible,reason,x_w,y_w,z_w,visible_count,expected_count_ok
246968.0206458,prelaunch,Fan_1,True,ok,2.9769585039066557,3.5829679547626223,0.3827519562730882,4,True
246968.0224637,prelaunch,Fan_2,True,ok,5.4235231793882015,3.577557334716066,0.3693130212434419,4,True
246968.0225137,prelaunch,Fan_3,True,ok,2.982881691630629,1.082300820309436,0.36675871571758356,4,True
246968.0225434,prelaunch,Fan_4,True,ok,5.359202483693423,1.1910871115897697,0.36290097072764416,4,True
