t_host_s,phase,fan_subject,visible,reason,x_w,y_w,z_w,visible_count,expected_count_ok
258568.7307313,prelaunch,Fan_1,True,ok,3.866906980194184,2.0769272628162128,0.36811116602479654,4,True
258568.7318654,prelaunch,Fan_2,True,ok,4.559814937218317,2.7218721252427764,0.3681211270558332,4,True
258568.7319967,prelaunch,Fan_3,True,ok,2.7615691638285216,2.7293593132530125,0.36730347045098444,4,True
258568.7320842,prelaunch,Fan_4,True,ok,4.9563410307144435,1.843254166589869,0.36492972048051964,4,True
