t_host_s,phase,fan_subject,visible,reason,x_w,y_w,z_w,visible_count,expected_count_ok
260944.0684113,prelaunch,Fan_1,True,ok,3.868902373797385,2.0783441059456313,0.3668087747872145,4,True
260944.0690996,prelaunch,Fan_2,True,ok,4.597528460977388,2.759145972969657,0.369954866830685,4,True
260944.0691544,prelaunch,Fan_3,True,ok,2.7584466409642117,2.7267192933165987,0.36987930011073955,4,True
260944.0691873,prelaunch,Fan_4,True,ok,4.9283707647180535,1.8940727072384091,0.36690870669677444,4,True
