{
  "current_position_offset_m": [
    3.9,
    2.2,
    0.0
  ],
  "current_transform_error_m": [
    -0.19908017055913496,
    -0.10390993216494526,
    -0.1402075124598144
  ],
  "current_transformed_mean_m": [
    1.000919829440865,
    1.4960900678350548,
    0.05979248754018561
  ],
  "current_yaw_alignment_deg": 0.0,
  "invalid_reasons": {
    "vicon_subject_occluded": 2
  },
  "known_arena_point_m": [
    1.2,
    1.6,
    0.2
  ],
  "raw_vicon_mean_m": [
    -2.8990801705591367,
    -0.7039099321649472,
    0.05979248754018561
  ],
  "raw_vicon_std_m": [
    0.001137887103224358,
    0.0007785917565089908,
    0.0019825473817048677
  ],
  "recommended_position_offset_m": [
    4.099080170559136,
    2.3039099321649474,
    0.0
  ],
  "run_root": "C:/Users/GH-X-ST/OneDrive - Imperial College London/Year 4/Final Year Project/01 - Github/Nausicaa/04_Flight_Test/05_Results/vicon_frame_calibration/20260601_192801",
  "status": "ok",
  "valid_sample_count": 150,
  "vertical_transform_policy": "raw_vicon_z_is_used_directly;offset_z_is_ignored"
}