t_host_s,phase,fan_subject,visible,reason,x_w,y_w,z_w,visible_count,expected_count_ok
258228.0218116,prelaunch,Fan_1,True,ok,3.8670915069408007,2.0766183349325082,0.3685062033272153,4,True
258228.02266,prelaunch,Fan_2,True,ok,4.560289705156517,2.7216454838917445,0.3688170788123466,4,True
258228.0227242,prelaunch,Fan_3,True,ok,2.761531248516958,2.728799984491573,0.36727050150488605,4,True
258228.0227615,prelaunch,Fan_4,True,ok,4.956314932658144,1.8432304380910072,0.3649560319918147,4,True
