t_host_s,phase,fan_subject,visible,reason,x_w,y_w,z_w,visible_count,expected_count_ok
246000.8796404,prelaunch,Fan_1,True,ok,2.97704274236823,3.5823847521249124,0.3831490426478171,4,True
246000.8801355,prelaunch,Fan_2,True,ok,5.423873341021692,3.573505909691683,0.3708341247057646,4,True
246000.8801783,prelaunch,Fan_3,True,ok,2.981161651671642,1.07771599899538,0.3677450046924171,4,True
246000.8802057,prelaunch,Fan_4,True,ok,5.362565278372252,1.1662663821371075,0.36276912344993273,4,True
