t_host_s,phase,fan_subject,visible,reason,x_w,y_w,z_w,visible_count,expected_count_ok
246902.8210829,prelaunch,Fan_1,True,ok,2.97686154350838,3.5825246127381956,0.38319530943405694,4,True
246902.8216492,prelaunch,Fan_2,True,ok,5.423561099242165,3.577707321960397,0.3691749837548493,4,True
246902.8216949,prelaunch,Fan_3,True,ok,2.9834440987760886,1.0829284744569612,0.36698443198581826,4,True
246902.8217223,prelaunch,Fan_4,True,ok,5.355536367253331,1.1926418932467777,0.3629540640845085,4,True
