t_host_s,phase,fan_subject,visible,reason,x_w,y_w,z_w,visible_count,expected_count_ok
260381.6152775,prelaunch,Fan_1,True,ok,3.866976036733408,2.0769441206031676,0.367383249958916,4,True
260381.616056,prelaunch,Fan_2,True,ok,4.597739382914413,2.7578510734068353,0.37068875465606255,4,True
260381.6161256,prelaunch,Fan_3,True,ok,2.7622907223105635,2.735077448292946,0.3645778030589938,4,True
260381.6161614,prelaunch,Fan_4,True,ok,4.92864140052668,1.8932162256973946,0.3673683237995051,4,True
