{
  "x0_w_m": {
    "median": 1.34793913004,
    "iqr": 0.10271476683999992,
    "epsilon": 1e-09
  },
  "y0_w_m": {
    "median": 1.992181685925,
    "iqr": 0.26645407193000015,
    "epsilon": 1e-09
  },
  "z0_w_m": {
    "median": 1.67027011807,
    "iqr": 0.27414833687999995,
    "epsilon": 1e-09
  },
  "phi0_rad": {
    "median": 0.09108082863940001,
    "iqr": 0.839136747482,
    "epsilon": 1e-09
  },
  "theta0_rad": {
    "median": 0.050110708998,
    "iqr": 0.928555909365,
    "epsilon": 1e-09
  },
  "psi0_rad": {
    "median": 0.0592956269839,
    "iqr": 0.463405935644,
    "epsilon": 1e-09
  },
  "speed0_m_s": {
    "median": 5.03566095469,
    "iqr": 2.10076934911,
    "epsilon": 1e-09
  },
  "minimum_margin_m": {
    "median": 0.11151689474,
    "iqr": 0.16464320824,
    "epsilon": 1e-09
  },
  "w_wing_mean_m_s": {
    "median": 0.0,
    "iqr": 0.0288882783705134,
    "epsilon": 1e-09
  },
  "delta_w_lr_m_s": {
    "median": 0.0,
    "iqr": 0.0006743236582059,
    "epsilon": 1e-09
  },
  "spanwise_gradient_m_s_m": {
    "median": 0.0,
    "iqr": 0.0014848075521607,
    "epsilon": 1e-09
  },
  "dwell_time_s": {
    "median": 0.0,
    "iqr": 0.0,
    "epsilon": 1e-09
  },
  "energy_residual_m": {
    "median": 0.0,
    "iqr": 0.2188860011748223,
    "epsilon": 1e-09
  },
  "exit_speed_m_s": {
    "median": 5.1016283791150006,
    "iqr": 2.9468619476300004,
    "epsilon": 1e-09
  },
  "control_saturation": {
    "median": 0.0,
    "iqr": 0.0,
    "epsilon": 1e-09
  }
}
