t_host_s,phase,fan_subject,visible,reason,x_w,y_w,z_w,visible_count,expected_count_ok
246295.5195829,prelaunch,Fan_1,True,ok,2.9772177513570486,3.58424883373002,0.3823886272742644,4,True
246295.5201264,prelaunch,Fan_2,True,ok,5.422519261171463,3.576610920491401,0.3694040830933894,4,True
246295.5201724,prelaunch,Fan_3,True,ok,2.979906693181709,1.075414417826181,0.3665966230427907,4,True
246295.5201998,prelaunch,Fan_4,True,ok,5.363820780119116,1.171868512880929,0.36312741013568284,4,True
