policy_id,primitive_execution_count,continuation_agreement_rate,terminal_agreement_rate,hard_failure_agreement_rate,mean_energy_residual_actual_m,mean_lift_dwell_actual_s
context_only_without_memory,92,0.7717391304347826,0.8913043478260869,0.34782608695652173,-0.35099375836557334,0.22304347826086965
context_plus_memory_lambda_0_5,92,0.7717391304347826,0.8913043478260869,0.34782608695652173,-0.35099375836557334,0.22304347826086965
context_plus_memory_lambda_0_8,92,0.7717391304347826,0.8913043478260869,0.34782608695652173,-0.35099375836557334,0.22304347826086965
context_plus_memory_lambda_0_95,92,0.7717391304347826,0.8913043478260869,0.34782608695652173,-0.35099375836557334,0.22304347826086965
no_memory_baseline,92,0.7717391304347826,0.8913043478260869,0.34782608695652173,-0.35099375836557334,0.22304347826086965
static_map_baseline,92,0.7717391304347826,0.8913043478260869,0.34782608695652173,-0.35099375836557334,0.22304347826086965
