t_host_s,phase,fan_subject,visible,reason,x_w,y_w,z_w,visible_count,expected_count_ok
250933.3301297,prelaunch,Fan_1,True,ok,3.4535382340189296,2.386024486354528,0.3734504398354225,3,True
250933.3311853,prelaunch,Fan_2,True,ok,4.764485107689019,2.441820927590856,0.377048863051407,3,True
250933.3313447,prelaunch,Fan_3,True,ok,2.2414230826493484,2.1955537640695573,0.3699231994217133,3,True
250933.3314364,prelaunch,Fan_4,False,fan_subject_occluded,,,,3,True
