t_host_s,phase,fan_subject,visible,reason,x_w,y_w,z_w,visible_count,expected_count_ok
243430.7244302,prelaunch,Fan_1,True,ok,2.9771972989671527,3.581917041730075,0.383675707376786,4,True
243430.7262759,prelaunch,Fan_2,True,ok,5.419431273055072,3.6490989325855097,0.37521334439190634,4,True
243430.7263305,prelaunch,Fan_3,True,ok,3.0221792805471432,1.1897758790613846,0.37060599312400755,4,True
243430.726368,prelaunch,Fan_4,True,ok,5.35873903943265,1.1574698929602667,0.36426413296968674,4,True
