t_host_s,phase,fan_subject,visible,reason,x_w,y_w,z_w,visible_count,expected_count_ok
250780.1131066,prelaunch,Fan_1,True,ok,3.453221827082531,2.3865585996102663,0.3735161975532799,3,True
250780.1153047,prelaunch,Fan_2,True,ok,4.7644822309360615,2.442559409713725,0.3769673191213715,3,True
250780.1153694,prelaunch,Fan_3,True,ok,2.241613457763733,2.1960806082571382,0.3696344068399461,3,True
250780.1153945,prelaunch,Fan_4,False,fan_subject_occluded,,,,3,True
