t_host_s,phase,fan_subject,visible,reason,x_w,y_w,z_w,visible_count,expected_count_ok
250376.4867057,prelaunch,Fan_1,True,ok,3.4537372934565687,2.3869605512798358,0.37384537502414694,3,True
250376.4872769,prelaunch,Fan_2,True,ok,4.763386654526468,2.4451041475669277,0.3770729308159082,3,True
250376.4873191,prelaunch,Fan_3,True,ok,2.2416066468697284,2.193736220627752,0.37014289053079547,3,True
250376.4873378,prelaunch,Fan_4,False,fan_subject_occluded,,,,3,True
