t_host_s,phase,fan_subject,visible,reason,x_w,y_w,z_w,visible_count,expected_count_ok
260488.256566,prelaunch,Fan_1,True,ok,3.8677033474353015,2.076948526624124,0.3668363388294844,4,True
260488.2573818,prelaunch,Fan_2,True,ok,4.598088730275619,2.757755936231763,0.3705902884152714,4,True
260488.2574586,prelaunch,Fan_3,True,ok,2.762985497241801,2.7403628401866387,0.36227397265810446,4,True
260488.2574963,prelaunch,Fan_4,True,ok,4.929129039634617,1.8931283364266807,0.3674039121213829,4,True
