t_host_s,phase,fan_subject,visible,reason,x_w,y_w,z_w,visible_count,expected_count_ok
257803.0939028,prelaunch,Fan_1,True,ok,3.867050718578646,2.073973238403625,0.36968095148023583,4,True
257803.0956621,prelaunch,Fan_2,True,ok,4.563642718484392,2.727113046643712,0.3679401639352591,4,True
257803.0957087,prelaunch,Fan_3,True,ok,2.7627334538465598,2.7402321036963704,0.3627298017531626,4,True
257803.0957747,prelaunch,Fan_4,True,ok,4.957454280566621,1.8427732888273782,0.3656481473757178,4,True
