t_host_s,phase,fan_subject,visible,reason,x_w,y_w,z_w,visible_count,expected_count_ok
246313.0716046,prelaunch,Fan_1,True,ok,2.976914941610021,3.5827598476720683,0.3833161441207602,4,True
246313.0722062,prelaunch,Fan_2,True,ok,5.4226300468394175,3.5775366205744286,0.369973165004467,4,True
246313.0722502,prelaunch,Fan_3,True,ok,2.979791918421363,1.0755156321690698,0.36680787866628417,4,True
246313.0722763,prelaunch,Fan_4,True,ok,5.3659142230368255,1.1705111026622068,0.3631831474866738,4,True
