metric,count,mean_s,median_s,p95_s,p99_s,max_s
dispatch_to_rx_latency_s,910,0.023012738224020755,0.022639754550219493,0.032271596052517636,0.03319398112659478,0.03346394452810131
dispatch_to_apply_latency_s,910,0.02323976934073235,0.022843819577154534,0.03248669537958726,0.03342292614826082,0.03376773409902967
scheduled_to_rx_latency_s,910,0.023470377784460233,0.02289524846667046,0.03246329605251716,0.03347242657146189,0.03366194452810234
scheduled_to_apply_latency_s,910,0.02369740890117182,0.023117483790335847,0.032678395379586785,0.033682471245591046,0.0339657340990307
rx_to_apply_latency_s,910,0.00022270439560439557,0.000205,0.000303,0.00031481999999999994,0.000326
apply_to_output_latency_s,910,0.012605794712948135,0.012526593264506225,0.021790277229930943,0.022996189613596698,0.023375186687900396
dispatch_to_output_latency_s,910,0.03584556405368048,0.03600949871944259,0.05026035694040196,0.053905954758623906,0.055896715563484634
scheduled_to_output_latency_s,910,0.036303203614119955,0.036510306823210215,0.050668792659911685,0.05426874935525333,0.05607871556348698
