metric,count,mean_s,median_s,p95_s,p99_s,max_s
dispatch_to_rx_latency_s,910,0.0230127382274212,0.0226397545536727,0.0323118542901284,0.0331957851467095,0.0334639445315617
dispatch_to_apply_latency_s,910,0.0232397693441359,0.0228438195806149,0.0325177787643725,0.0334294669961459,0.0337677341023692
scheduled_to_rx_latency_s,910,0.0234703777878607,0.022895248470066,0.0324918542901287,0.0334760280054809,0.0336619445315627
scheduled_to_apply_latency_s,910,0.0236974089045754,0.0231174837937358,0.0326977787643727,0.0336844166986928,0.0339657341023702
rx_to_apply_latency_s,910,0.000222704395604395,0.000205,0.000303,0.0003154,0.000326
apply_to_output_latency_s,910,0.0129001682656629,0.0128209668172623,0.0220891402219436,0.0232917340030653,0.0236695602405632
dispatch_to_output_latency_s,910,0.0361399376097988,0.0363038722755462,0.0506244519338495,0.0542866967843281,0.0561910891195936
scheduled_to_output_latency_s,910,0.0365975771702383,0.0368046803793334,0.0509653951733,0.0545874231369609,0.0563730891195959
