library_size_case_id,launch_count,safe_success_rate,full_safe_success_rate,hard_failure_rate,physical_hard_failure_rate,expected_low_energy_dry_air_sink_rate,no_viable_primitive_rate,mean_launch_score
balanced_cluster,12,0.6666666666666666,0.0,0.0,0.3333333333333333,0.3333333333333333,0.0,80.47853791717624
heavy_cluster,12,0.6666666666666666,0.0,0.0,0.3333333333333333,0.3333333333333333,0.0,86.7509461877629
light_cluster,12,0.6666666666666666,0.0,0.0,0.3333333333333333,0.3333333333333333,0.0,81.0151183243159
no_cluster_no_merge,12,0.5,0.0,0.16666666666666666,0.5,0.3333333333333333,0.0,46.918017307692615
super_light_cluster,12,0.5833333333333334,0.0,0.08333333333333333,0.4166666666666667,0.3333333333333333,0.0,64.22977526418629
