t_host_s,phase,fan_subject,visible,reason,x_w,y_w,z_w,visible_count,expected_count_ok
243537.3335252,prelaunch,Fan_1,True,ok,2.9770561063548717,3.5826359592424177,0.3835960509763852,4,True
243537.3342217,prelaunch,Fan_2,True,ok,5.418623992129989,3.6506164250559903,0.3740219645694535,4,True
243537.3342775,prelaunch,Fan_3,True,ok,3.0208523780956775,1.1915168081427157,0.37047822017765747,4,True
243537.3343077,prelaunch,Fan_4,True,ok,5.357444905922965,1.1553168540202752,0.3644202090475193,4,True
