t_host_s,phase,fan_subject,visible,reason,x_w,y_w,z_w,visible_count,expected_count_ok
258016.9154328,prelaunch,Fan_1,True,ok,3.866537366417117,2.0746405189537325,0.37067271928959566,4,True
258016.9160387,prelaunch,Fan_2,True,ok,4.560931982272817,2.7217813234032233,0.3700329793480336,4,True
258016.9160816,prelaunch,Fan_3,True,ok,2.7617220050482088,2.7261203800322797,0.3696368744338573,4,True
258016.916108,prelaunch,Fan_4,True,ok,4.956181200398985,1.8420782734647785,0.3655029933495192,4,True
