t_host_s,phase,fan_subject,visible,reason,x_w,y_w,z_w,visible_count,expected_count_ok
246985.333748,prelaunch,Fan_1,True,ok,2.9772221585478715,3.5832956637028834,0.38308735861274334,4,True
246985.3346341,prelaunch,Fan_2,True,ok,5.423342771017586,3.5775499029182924,0.36930890624884727,4,True
246985.334705,prelaunch,Fan_3,True,ok,2.9826971574396666,1.081974343109974,0.3669302527855701,4,True
246985.3347488,prelaunch,Fan_4,True,ok,5.359941364736199,1.1898156254792294,0.36289743857740253,4,True
