t_host_s,phase,fan_subject,visible,reason,x_w,y_w,z_w,visible_count,expected_count_ok
247130.6723579,prelaunch,Fan_1,True,ok,2.9769083268399408,3.584184345957455,0.382233011027817,4,True
247130.6730763,prelaunch,Fan_2,True,ok,5.423517628079562,3.577065275246695,0.3690961803679322,4,True
247130.6731543,prelaunch,Fan_3,True,ok,2.9818298003527373,1.0818386261650565,0.3662298101404815,4,True
247130.6731989,prelaunch,Fan_4,True,ok,5.365853698709243,1.185854173828893,0.3631945104439357,4,True
