SurfaceName,IsActive,BoardCommitToReferenceCount,BoardCommitToReferenceMedian_s,BoardCommitToReferenceP95_s,ReferenceToTrainerCount,ReferenceToTrainerMedian_s,ReferenceToTrainerP95_s,TrainerToReceiverCount,TrainerToReceiverMedian_s,TrainerToReceiverP95_s
Aileron_L,1,3834,0.00617461139754738,0.00815969425692007,3830,2.49999999368811e-07,2.50000006474238e-07,3750,0.00940712499999918,0.0190152124999994
Aileron_R,1,3834,0.00617461139754738,0.00815969425692007,3833,0.0014687500000008,0.00171900000000136,3753,0.00794249999999863,0.0175233499999996
Rudder,1,3834,0.00617461139754738,0.00815969425692007,3833,0.00296874999999375,0.00346950000000135,3753,0.00646400000000114,0.0160227499999962
Elevator,1,3834,0.00617461139754738,0.00815969425692007,3826,0.00445850000000014,0.00520950000000653,3754,0.00497974999999951,0.0145332124999991
