t_host_s,phase,fan_subject,visible,reason,x_w,y_w,z_w,visible_count,expected_count_ok
250437.4854575,prelaunch,Fan_1,True,ok,3.453677649673942,2.3862696192478583,0.3736070496988,3,True
250437.4880027,prelaunch,Fan_2,True,ok,4.763457321426937,2.4449105739724017,0.3768068338620126,3,True
250437.4880851,prelaunch,Fan_3,True,ok,2.2418143646871704,2.1933934651957006,0.3699242152903694,3,True
250437.488109,prelaunch,Fan_4,False,fan_subject_occluded,,,,3,True
