t_host_s,phase,fan_subject,visible,reason,x_w,y_w,z_w,visible_count,expected_count_ok
250949.9829742,prelaunch,Fan_1,True,ok,3.4532574262083635,2.386302363493637,0.3733922749783933,3,True
250949.9836175,prelaunch,Fan_2,True,ok,4.76434661155326,2.442497970461844,0.3762979226012274,3,True
250949.9836704,prelaunch,Fan_3,True,ok,2.2414998354629363,2.195970969322933,0.36994243946127636,3,True
250949.9836937,prelaunch,Fan_4,False,fan_subject_occluded,,,,3,True
