t_host_s,phase,fan_subject,visible,reason,x_w,y_w,z_w,visible_count,expected_count_ok
260469.8158649,prelaunch,Fan_1,True,ok,3.8675890710806087,2.0777437664108804,0.36709634391642065,4,True
260469.8167714,prelaunch,Fan_2,True,ok,4.597819142725238,2.758326008964604,0.3707563392174178,4,True
260469.8168325,prelaunch,Fan_3,True,ok,2.762902869950448,2.7400151936304167,0.36250671568161563,4,True
260469.8168675,prelaunch,Fan_4,True,ok,4.928503299675909,1.8936415562467233,0.3670927839505611,4,True
