t_host_s,phase,fan_subject,visible,reason,x_w,y_w,z_w,visible_count,expected_count_ok
261121.7748493,prelaunch,Fan_1,True,ok,3.869680519602349,2.0780172149686056,0.3669032194910775,4,True
261121.7758956,prelaunch,Fan_2,True,ok,4.5980241172742335,2.7584485977124586,0.37035259806741516,4,True
261121.7759853,prelaunch,Fan_3,True,ok,2.7586827715350273,2.72759898794417,0.36844595730518714,4,True
261121.7760255,prelaunch,Fan_4,True,ok,4.928834222535922,1.8933189428431652,0.3669744056312991,4,True
