t_host_s,phase,fan_subject,visible,reason,x_w,y_w,z_w,visible_count,expected_count_ok
242080.194386,prelaunch,Fan_1,True,ok,2.9754143097457497,3.5779631339432285,0.3850680111269318,4,True
242080.1953495,prelaunch,Fan_2,True,ok,5.419601853857287,3.639883134148279,0.37653147620014643,4,True
242080.1954109,prelaunch,Fan_3,True,ok,3.011664481742412,1.1904902866905405,0.3717056027521906,4,True
242080.1954442,prelaunch,Fan_4,True,ok,5.353665314012632,1.167280595914001,0.3673603289898576,4,True
