t_host_s,phase,fan_subject,visible,reason,x_w,y_w,z_w,visible_count,expected_count_ok
243194.0778385,prelaunch,Fan_1,True,ok,2.9771999505489264,3.579845618445564,0.38397351295889615,4,True
243194.0796871,prelaunch,Fan_2,True,ok,5.420264524270243,3.645044581321003,0.37435173811274414,4,True
243194.0797387,prelaunch,Fan_3,True,ok,3.0206453645275753,1.191057955062529,0.3692433380465926,4,True
243194.0797686,prelaunch,Fan_4,True,ok,5.352954745546685,1.1571158357411944,0.36469659781538505,4,True
