t_host_s,phase,fan_subject,visible,reason,x_w,y_w,z_w,visible_count,expected_count_ok
242003.5391191,prelaunch,Fan_1,True,ok,2.975420899604019,3.578149147102226,0.3851588317471019,4,True
242003.5398394,prelaunch,Fan_2,True,ok,5.419623745626315,3.6398342952685523,0.376937453569609,4,True
242003.5398994,prelaunch,Fan_3,True,ok,3.0108906748636732,1.192403419548969,0.3721451388876598,4,True
242003.539931,prelaunch,Fan_4,True,ok,5.354339241290912,1.166590040889005,0.3676346760478674,4,True
