check_index,elapsed_s,fan_subject,visible,reason,frame_number,target_x_w_m,target_y_w_m,target_z_w_m,raw_x_m,raw_y_m,raw_z_m,x_w_m,y_w_m,z_w_m,dx_m,dy_m,dz_m,error_axis,error_m,within_tolerance,all_visible,all_within_tolerance
1,0.030207900010282174,Fan_1,False,fan_subject_occluded,5693256,3.0,3.6,0.75,,,,,,,,,,xy,,False,False,False
1,0.030207900010282174,Fan_2,False,fan_subject_occluded,5693256,5.4,3.6,0.75,,,,,,,,,,xy,,False,False,False
1,0.030207900010282174,Fan_3,False,fan_subject_occluded,5693256,3.0,1.2,0.75,,,,,,,,,,xy,,False,False,False
1,0.030207900010282174,Fan_4,False,fan_subject_occluded,5693256,5.4,1.2,0.75,,,,,,,,,,xy,,False,False,False
2,10.038024800014682,Fan_1,True,ok,5698666,3.0,3.6,0.75,-0.8935778546205403,1.0891225107683025,0.34600534688389817,2.9771994551554117,3.583602149193854,0.3831826475467283,-0.022800544844588266,-0.016397850806145975,-0.3668173524532717,xy,0.022800544844588266,True,True,True
2,10.038024800014682,Fan_2,True,ok,5698666,5.4,3.6,0.75,1.5514258803833694,1.079798136090831,0.3348595836549882,5.422203190159321,3.574277774516383,0.37203688431781834,0.022203190159320485,-0.025722225483617134,-0.37796311568218166,xy,0.025722225483617134,True,True,True
2,10.038024800014682,Fan_3,True,ok,5698666,3.0,1.2,0.75,-0.8716980402423163,-1.3006656794033278,0.3325219227510197,2.9990792695336355,1.1938139590222239,0.36969922341384986,-0.0009207304663645388,-0.006186040977776086,-0.38030077658615014,xy,0.006186040977776086,True,True,True
2,10.038024800014682,Fan_4,True,ok,5698666,5.4,1.2,0.75,1.4879198015793187,-1.3248969741014505,0.32680118998318713,5.358697111355271,1.1695826643241012,0.3639784906460173,-0.04130288864472931,-0.03041733567589877,-0.3860215093539827,xy,0.04130288864472931,True,True,True
