t_host_s,phase,fan_subject,visible,reason,x_w,y_w,z_w,visible_count,expected_count_ok
252219.6506072,prelaunch,Fan_1,True,ok,3.454128132702174,2.3877530080349607,0.37344739978768426,3,True
252219.6525029,prelaunch,Fan_2,True,ok,4.771314265674763,2.429035455076238,0.37603559644981244,3,True
252219.6525588,prelaunch,Fan_3,True,ok,2.2408279428350406,2.1976533376914484,0.36887551041721206,3,True
252219.6525823,prelaunch,Fan_4,False,fan_subject_occluded,,,,3,True
