t_host_s,phase,fan_subject,visible,reason,x_w,y_w,z_w,visible_count,expected_count_ok
246216.6653879,prelaunch,Fan_1,True,ok,2.9769310107053366,3.582635061776374,0.38310212631976964,4,True
246216.6660488,prelaunch,Fan_2,True,ok,5.422784743586339,3.5752681894511458,0.36957540698079927,4,True
246216.6661186,prelaunch,Fan_3,True,ok,2.9815788286812346,1.0769891081443255,0.3670428561834535,4,True
246216.6661531,prelaunch,Fan_4,True,ok,5.366539227516508,1.16997792359569,0.3616472394938574,4,True
