t_host_s,phase,fan_subject,visible,reason,x_w,y_w,z_w,visible_count,expected_count_ok
243067.0020813,prelaunch,Fan_1,True,ok,2.9769473228726513,3.5778159103222236,0.3844922836554938,4,True
243067.0025802,prelaunch,Fan_2,True,ok,5.418339177213104,3.6411596307278957,0.3755348410384603,4,True
243067.0026218,prelaunch,Fan_3,True,ok,3.0202459627632052,1.1895867071461323,0.3697768815760972,4,True
243067.0026469,prelaunch,Fan_4,True,ok,5.351933717684568,1.1602547873145161,0.3649251430728271,4,True
