t_host_s,phase,fan_subject,visible,reason,x_w,y_w,z_w,visible_count,expected_count_ok
257222.2103843,prelaunch,Fan_1,True,ok,3.866531250751154,2.073132404804835,0.3704170737475103,4,True
257222.2109259,prelaunch,Fan_2,True,ok,4.564877562198425,2.729216027505052,0.36831268086863933,4,True
257222.2109709,prelaunch,Fan_3,True,ok,2.7608781991716724,2.7266454317051196,0.36854860822352964,4,True
257222.2109972,prelaunch,Fan_4,True,ok,4.957542355871746,1.8419066038266534,0.36674454736289785,4,True
