t_host_s,phase,fan_subject,visible,reason,x_w,y_w,z_w,visible_count,expected_count_ok
243178.6218494,prelaunch,Fan_1,True,ok,2.977418815963567,3.5802330407389262,0.38364908623623256,4,True
243178.6223557,prelaunch,Fan_2,True,ok,5.419851663871645,3.644142312304796,0.375185797878383,4,True
243178.6224056,prelaunch,Fan_3,True,ok,3.0207682041753072,1.190179584562472,0.3692260158564811,4,True
243178.6224385,prelaunch,Fan_4,True,ok,5.353141191885779,1.1576971223157795,0.36479822238496656,4,True
