t_host_s,phase,fan_subject,visible,reason,x_w,y_w,z_w,visible_count,expected_count_ok
257877.6382625,prelaunch,Fan_1,True,ok,3.867216265510965,2.073809200541236,0.369662423912568,4,True
257877.6405031,prelaunch,Fan_2,True,ok,4.563537053633547,2.727012130950573,0.3679311135145271,4,True
257877.6405745,prelaunch,Fan_3,True,ok,2.7634961440653534,2.745827692814684,0.3600690919182369,4,True
257877.6406292,prelaunch,Fan_4,True,ok,4.957214159510873,1.842625950210103,0.3653966073910414,4,True
