t_host_s,phase,fan_subject,visible,reason,x_w,y_w,z_w,visible_count,expected_count_ok
251292.8506358,prelaunch,Fan_1,True,ok,3.4536493752680695,2.3865854918370384,0.3733562180655025,3,True
251292.8512349,prelaunch,Fan_2,True,ok,4.766585642924962,2.440688128514917,0.3766622275621597,3,True
251292.8514036,prelaunch,Fan_3,True,ok,2.241044457643593,2.196122568686312,0.3695883013728713,3,True
251292.8514969,prelaunch,Fan_4,False,fan_subject_occluded,,,,3,True
