t_host_s,phase,fan_subject,visible,reason,x_w,y_w,z_w,visible_count,expected_count_ok
257062.6596578,prelaunch,Fan_1,True,ok,3.866457610720822,2.0734305788464744,0.3718369712373847,4,True
257062.6602926,prelaunch,Fan_2,True,ok,4.564132325734116,2.7293255578857014,0.3708105586640047,4,True
257062.6603473,prelaunch,Fan_3,True,ok,2.761225189394322,2.7256936211224896,0.3702979707602061,4,True
257062.6603798,prelaunch,Fan_4,True,ok,4.957619373880613,1.8417579492451153,0.3685289022661802,4,True
