t_host_s,phase,fan_subject,visible,reason,x_w,y_w,z_w,visible_count,expected_count_ok
257189.7338163,prelaunch,Fan_1,True,ok,3.8666181904388517,2.0731449927379297,0.37155083233702835,4,True
257189.7346811,prelaunch,Fan_2,True,ok,4.564523565879042,2.7289508484059133,0.36976949660471814,4,True
257189.7349606,prelaunch,Fan_3,True,ok,2.761055933313232,2.7263830768323927,0.3694667505815048,4,True
257189.7351333,prelaunch,Fan_4,True,ok,4.957455469360932,1.842014185159818,0.36782251324950155,4,True
