metric,count,mean_s,median_s,p95_s,p99_s,max_s
dispatch_to_rx_latency_s,914,0.0217595516387618,0.0215856788150646,0.0239557579777845,0.0244557016562432,0.0245759881542931
dispatch_to_apply_latency_s,914,0.0219608242162955,0.0217820432389075,0.0241518215623628,0.0246569558541874,0.0247922497563966
scheduled_to_rx_latency_s,914,0.0222092387284773,0.021933107313572,0.0242009493715756,0.0246408000785703,0.0247767114061119
scheduled_to_apply_latency_s,914,0.0224105113060111,0.0221318678472642,0.0244077309261446,0.0248394631166752,0.0249827719892259
rx_to_apply_latency_s,914,0.000197306345733041,0.000195,0.000214,0.00021936,0.000223
apply_to_output_latency_s,914,0.0203567786051775,0.020219575579187,0.0296293315363826,0.0307756038533972,0.0314507923465044
dispatch_to_output_latency_s,914,0.0423176028214731,0.0423305520147146,0.0516472042682423,0.0527447216782647,0.0531582643930815
scheduled_to_output_latency_s,914,0.0427672899111886,0.0426653874819998,0.0520416195756887,0.0530143602193236,0.0534491646382342
