split,stage_fit_group,count,alpha_min_deg,alpha_max_deg,cm_residual_mean,cm_residual_mae,cm_fit_residual_mae,cd_residual_mean,cl_residual_mean,cy_residual_mean,cl_roll_residual_mean,cn_yaw_residual_mean,q_hat_mean
train,attached,12,8.868318507,11.506816,0.03061212571,0.03061212571,0.01678740894,-0.01577570553,0.075863496,-0.121262837,0.01821017389,-0.01058079877,0.01765757556
train,transition_before_post_stall,25,12.74565673,19.78274413,0.03096422139,0.0337265087,0.0453574775,0.03479456757,0.259220517,-0.1988767538,-0.0004358519662,-0.01074156861,0.02039672361
train,transition_after_post_stall,0,,,,,,,,,,,
train,post_stall,114,20.2830586,33.90510928,-0.157465872,0.1706512872,0.02834357918,-0.08019350011,-0.1885069269,0.2503066877,-0.01633715292,-0.007247888264,-0.02054519162
heldout,attached,0,,,,,,,,,,,
heldout,transition_before_post_stall,12,13.06061765,19.8822831,0.1492638992,0.1492638992,0.04874838973,0.2757569006,0.2683723705,-0.4750568142,-0.007016155647,0.002230257297,0.02541281823
heldout,transition_after_post_stall,0,,,,,,,,,,,
heldout,post_stall,141,20.54603921,78.53102008,-0.2220041382,0.2417968765,0.7411581448,-0.3791335778,-0.02705284617,0.7400283131,-0.005879516694,-0.01133356068,-0.01517398956
