t_host_s,phase,fan_subject,visible,reason,x_w,y_w,z_w,visible_count,expected_count_ok
260543.9805512,prelaunch,Fan_1,True,ok,3.8672724177240267,2.0776900636123745,0.36696499478387856,4,True
260543.9813568,prelaunch,Fan_2,True,ok,4.59815068651513,2.759314249956496,0.3701415396083244,4,True
260543.9814114,prelaunch,Fan_3,True,ok,2.762545677641751,2.7435831424123234,0.36089417056455964,4,True
260543.981444,prelaunch,Fan_4,True,ok,4.928660118413787,1.8938472812737188,0.3670225289457235,4,True
