t_host_s,phase,fan_subject,visible,reason,x_w,y_w,z_w,visible_count,expected_count_ok
243358.5296555,prelaunch,Fan_1,True,ok,2.977066076363015,3.58207434600115,0.3837238021729348,4,True
243358.5303356,prelaunch,Fan_2,True,ok,5.420096792894589,3.6505135272615417,0.3751156631100842,4,True
243358.5303882,prelaunch,Fan_3,True,ok,3.019736431573192,1.1888824113187304,0.369028915688166,4,True
243358.53042,prelaunch,Fan_4,True,ok,5.356839801630184,1.1567917640682783,0.3646983594745423,4,True
