t_host_s,phase,fan_subject,visible,reason,x_w,y_w,z_w,visible_count,expected_count_ok
260924.8017587,prelaunch,Fan_1,True,ok,3.8686426775686886,2.0777563822443486,0.36653366022106626,4,True
260924.8026657,prelaunch,Fan_2,True,ok,4.597745404188846,2.7593621364316494,0.36984403353068307,4,True
260924.802759,prelaunch,Fan_3,True,ok,2.75866335859251,2.7273359811412052,0.3698948259383341,4,True
260924.8028192,prelaunch,Fan_4,True,ok,4.928363106436073,1.8937127310005712,0.36668614617845663,4,True
