t_host_s,phase,fan_subject,visible,reason,x_w,y_w,z_w,visible_count,expected_count_ok
241943.307931,prelaunch,Fan_1,True,ok,2.97539989609613,3.5783288794885006,0.3853950515919669,4,True
241943.3086683,prelaunch,Fan_2,True,ok,5.419516011382653,3.640008702209525,0.3775868521076476,4,True
241943.3087252,prelaunch,Fan_3,True,ok,3.010852966999803,1.1939950629018767,0.37217905391012146,4,True
241943.3087589,prelaunch,Fan_4,True,ok,5.354479002856188,1.169851982419791,0.367891290442314,4,True
