t_host_s,phase,fan_subject,visible,reason,x_w,y_w,z_w,visible_count,expected_count_ok
258154.10942,prelaunch,Fan_1,True,ok,3.8666463292274162,2.074773476791753,0.36961069262705093,4,True
258154.1099772,prelaunch,Fan_2,True,ok,4.560778796326262,2.721809270724211,0.3689000385160506,4,True
258154.1100201,prelaunch,Fan_3,True,ok,2.76152365757478,2.727856518244912,0.36758906038010286,4,True
258154.1100465,prelaunch,Fan_4,True,ok,4.956514330874622,1.8426880577351128,0.3651731869855913,4,True
