t_host_s,phase,fan_subject,visible,reason,x_w,y_w,z_w,visible_count,expected_count_ok
257914.044326,prelaunch,Fan_1,True,ok,3.8670446237627654,2.073839455043239,0.3697382994352909,4,True
257914.0448832,prelaunch,Fan_2,True,ok,4.563425648934526,2.726730428284373,0.3677891917885229,4,True
257914.0449272,prelaunch,Fan_3,True,ok,2.7640727661359676,2.747747113337841,0.35953527784179784,4,True
257914.0449542,prelaunch,Fan_4,True,ok,4.9570715735457735,1.842736464672121,0.3652977239910412,4,True
