t_host_s,phase,fan_subject,visible,reason,x_w,y_w,z_w,visible_count,expected_count_ok
246824.5286504,prelaunch,Fan_1,True,ok,2.9771334454547405,3.5833932652581835,0.3828474571655653,4,True
246824.530479,prelaunch,Fan_2,True,ok,5.423359482660969,3.577385649529647,0.3694140799855511,4,True
246824.5305337,prelaunch,Fan_3,True,ok,2.9833664709526313,1.083697155451175,0.3669458590695283,4,True
246824.5305661,prelaunch,Fan_4,True,ok,5.35140791162064,1.195249114456487,0.36288868395124746,4,True
