t_host_s,phase,fan_subject,visible,reason,x_w,y_w,z_w,visible_count,expected_count_ok
261138.7145328,prelaunch,Fan_1,True,ok,3.8687555544185526,2.077653401660333,0.3670336279218608,4,True
261138.715176,prelaunch,Fan_2,True,ok,4.59756657622758,2.758469039386851,0.3704802210328695,4,True
261138.7152283,prelaunch,Fan_3,True,ok,2.7582668625977513,2.7272916237102094,0.3689754768181768,4,True
261138.7152592,prelaunch,Fan_4,True,ok,4.928450839061478,1.8932326224289133,0.3672385969032328,4,True
