t_host_s,phase,fan_subject,visible,reason,x_w,y_w,z_w,visible_count,expected_count_ok
247065.3150724,prelaunch,Fan_1,True,ok,2.976949679247901,3.5827593569116543,0.38320607266514833,4,True
247065.3156813,prelaunch,Fan_2,True,ok,5.423402324020731,3.5776888657217407,0.3691287555990565,4,True
247065.3158033,prelaunch,Fan_3,True,ok,2.981475301150094,1.0808439091148276,0.3668216812025822,4,True
247065.3158976,prelaunch,Fan_4,True,ok,5.361575025213467,1.1869081295836175,0.3629541010383949,4,True
