t_host_s,phase,fan_subject,visible,reason,x_w,y_w,z_w,visible_count,expected_count_ok
247242.8712994,prelaunch,Fan_1,True,ok,2.9771603610395396,3.5827814547016925,0.3830610379413433,4,True
247242.871898,prelaunch,Fan_2,True,ok,5.423097538590664,3.577806193590928,0.36908317913077504,4,True
247242.8719919,prelaunch,Fan_3,True,ok,2.98122602649455,1.0810852419363837,0.36609343314792586,4,True
247242.8720439,prelaunch,Fan_4,True,ok,5.367968837396445,1.183199456203768,0.36301393305114976,4,True
