t_host_s,phase,fan_subject,visible,reason,x_w,y_w,z_w,visible_count,expected_count_ok
260788.1740952,prelaunch,Fan_1,True,ok,3.8689788834058474,2.0780077270553585,0.36749149832513084,4,True
260788.1747104,prelaunch,Fan_2,True,ok,4.597576678951462,2.7578070294859027,0.37097392618514957,4,True
260788.1747614,prelaunch,Fan_3,True,ok,2.7627232656065672,2.7467872254695425,0.3599630940793379,4,True
260788.1748358,prelaunch,Fan_4,True,ok,4.9284568993864655,1.8931316925647759,0.36718674159994713,4,True
