t_host_s,phase,fan_subject,visible,reason,x_w,y_w,z_w,visible_count,expected_count_ok
247378.3421431,prelaunch,Fan_1,True,ok,2.976788791597287,3.582737360051784,0.38319656611194414,4,True
247378.343163,prelaunch,Fan_2,True,ok,5.423325793367887,3.5772668953544615,0.3690010610137818,4,True
247378.3432233,prelaunch,Fan_3,True,ok,2.9817613383740893,1.0786243589501778,0.36559253995315494,4,True
247378.343259,prelaunch,Fan_4,True,ok,5.368637902860807,1.180506164848685,0.3626122454305761,4,True
