t_host_s,phase,fan_subject,visible,reason,x_w,y_w,z_w,visible_count,expected_count_ok
258066.014747,prelaunch,Fan_1,True,ok,3.866737080796161,2.0747966132770825,0.3695323431581139,4,True
258066.0152737,prelaunch,Fan_2,True,ok,4.560896867135784,2.7224519760998414,0.36881838961581925,4,True
258066.0154368,prelaunch,Fan_3,True,ok,2.761298215413042,2.7286785100034434,0.3679464554497083,4,True
258066.0155007,prelaunch,Fan_4,True,ok,4.956718435886884,1.8429627268881257,0.365282856831214,4,True
