t_host_s,phase,fan_subject,visible,reason,x_w,y_w,z_w,visible_count,expected_count_ok
257860.7005918,prelaunch,Fan_1,True,ok,3.8670677461790857,2.0736404492548064,0.3696102247992038,4,True
257860.701536,prelaunch,Fan_2,True,ok,4.5634274967200295,2.726591096612522,0.3677711311196046,4,True
257860.701596,prelaunch,Fan_3,True,ok,2.7634348486730227,2.743959406208754,0.36109591870104274,4,True
257860.7016337,prelaunch,Fan_4,True,ok,4.957057455398217,1.8423891458047161,0.3655458827373904,4,True
