t_host_s,phase,fan_subject,visible,reason,x_w,y_w,z_w,visible_count,expected_count_ok
243490.9721889,prelaunch,Fan_1,True,ok,2.9769838654189913,3.582495191944008,0.38363242038358475,4,True
243490.972703,prelaunch,Fan_2,True,ok,5.419490992692553,3.650456054036981,0.3749244285338188,4,True
243490.9727951,prelaunch,Fan_3,True,ok,3.021509366980317,1.1912747348572184,0.3705430459890916,4,True
243490.9728653,prelaunch,Fan_4,True,ok,5.3574196684740745,1.155419325867038,0.3644741321244462,4,True
