t_host_s,phase,fan_subject,visible,reason,x_w,y_w,z_w,visible_count,expected_count_ok
252829.4718291,prelaunch,Fan_1,True,ok,3.4539496552125,2.387176531964751,0.3732119885727165,3,True
252829.4723885,prelaunch,Fan_2,True,ok,4.771107098900208,2.42848828112032,0.3760302604194863,3,True
252829.472439,prelaunch,Fan_3,True,ok,2.2386476495247765,2.1971831788835496,0.3683090227336509,3,True
252829.4724607,prelaunch,Fan_4,False,fan_subject_occluded,,,,3,True
