t_host_s,phase,fan_subject,visible,reason,x_w,y_w,z_w,visible_count,expected_count_ok
247200.0785529,prelaunch,Fan_1,True,ok,2.9767248484312563,3.582642042569765,0.3829363738504192,4,True
247200.0792205,prelaunch,Fan_2,True,ok,5.4232046682902215,3.5774649405746217,0.36915606069796925,4,True
247200.0792826,prelaunch,Fan_3,True,ok,2.981516785990097,1.0812499969057454,0.3661265916486976,4,True
247200.0793165,prelaunch,Fan_4,True,ok,5.366844138107103,1.1841204204034432,0.36280570385663297,4,True
