t_host_s,phase,fan_subject,visible,reason,x_w,y_w,z_w,visible_count,expected_count_ok
243001.1817914,prelaunch,Fan_1,True,ok,2.976647850900205,3.5775399928916194,0.3843003088718862,4,True
243001.1823494,prelaunch,Fan_2,True,ok,5.418161499868755,3.641961192306593,0.37497830748156563,4,True
243001.1823939,prelaunch,Fan_3,True,ok,3.020048864431401,1.1889546913889317,0.3699623797324951,4,True
243001.1824304,prelaunch,Fan_4,True,ok,5.3489186763362015,1.1606452790908024,0.3648554842874461,4,True
