t_host_s,phase,fan_subject,visible,reason,x_w,y_w,z_w,visible_count,expected_count_ok
251103.9196168,prelaunch,Fan_1,True,ok,3.4534785518160045,2.3863561399485795,0.3736373612096051,3,True
251103.9201151,prelaunch,Fan_2,True,ok,4.764483231991432,2.4416992105120547,0.37646882933743103,3,True
251103.9202032,prelaunch,Fan_3,True,ok,2.2414485321989046,2.1959167697558,0.3699415131547082,3,True
251103.9202289,prelaunch,Fan_4,False,fan_subject_occluded,,,,3,True
