t_host_s,phase,fan_subject,visible,reason,x_w,y_w,z_w,visible_count,expected_count_ok
246341.6143542,prelaunch,Fan_1,True,ok,2.976698039406016,3.582374417781099,0.3829718752528068,4,True
246341.6150984,prelaunch,Fan_2,True,ok,5.422573984436232,3.5777660841946766,0.3696787518112395,4,True
246341.6152181,prelaunch,Fan_3,True,ok,2.9817285011498136,1.0774155801469851,0.3666061368608605,4,True
246341.6152637,prelaunch,Fan_4,True,ok,5.365821695282308,1.1706367010378607,0.36321783442947464,4,True
