t_host_s,phase,fan_subject,visible,reason,x_w,y_w,z_w,visible_count,expected_count_ok
252557.555333,prelaunch,Fan_1,True,ok,3.4540655987048523,2.387306829962319,0.37278673400174644,3,True
252557.5560454,prelaunch,Fan_2,True,ok,4.771480571680724,2.4281762255890658,0.37597986537609535,3,True
252557.5561028,prelaunch,Fan_3,True,ok,2.239645523669173,2.1973572078283174,0.36778254619275447,3,True
252557.5561278,prelaunch,Fan_4,False,fan_subject_occluded,,,,3,True
