t_host_s,phase,fan_subject,visible,reason,x_w,y_w,z_w,visible_count,expected_count_ok
243117.2712454,prelaunch,Fan_1,True,ok,2.9771937393690218,3.5779473601333587,0.384459151106069,4,True
243117.2718876,prelaunch,Fan_2,True,ok,5.417789060579749,3.6424099745135763,0.3746666501618217,4,True
243117.2721036,prelaunch,Fan_3,True,ok,3.0203861945289954,1.1923718471662623,0.36942988232198887,4,True
243117.2721702,prelaunch,Fan_4,True,ok,5.3515121211335845,1.1584471210483458,0.36504529926832063,4,True
