t_host_s,phase,fan_subject,visible,reason,x_w,y_w,z_w,visible_count,expected_count_ok
246252.7687441,prelaunch,Fan_1,True,ok,2.9767582671627855,3.582729389005957,0.3834111403359523,4,True
246252.7693849,prelaunch,Fan_2,True,ok,5.422346072876371,3.575507506126526,0.36954342689434266,4,True
246252.7694854,prelaunch,Fan_3,True,ok,2.980291853357045,1.0763962759449743,0.36700937209031265,4,True
246252.7695237,prelaunch,Fan_4,True,ok,5.382567655381923,1.1577200415520612,0.33428838209830747,4,True
