t_host_s,phase,fan_subject,visible,reason,x_w,y_w,z_w,visible_count,expected_count_ok
242033.7966111,prelaunch,Fan_1,True,ok,2.9754393029024637,3.5779494812090578,0.38506796195528975,4,True
242033.7974399,prelaunch,Fan_2,True,ok,5.419565327876825,3.639612452234495,0.37689404185243075,4,True
242033.7975043,prelaunch,Fan_3,True,ok,3.011131464146187,1.1914892452353487,0.37196225952312567,4,True
242033.7975392,prelaunch,Fan_4,True,ok,5.353858031618652,1.1669941768269039,0.3674023984237661,4,True
