throw_index,real_termination_reason,real_launch_speed_m_s,launch_x_w,launch_y_w,launch_z_w,launch_phi,launch_theta,launch_psi,launch_u,launch_v,launch_w,launch_p,launch_q,launch_r,launch_delta_a,launch_delta_e,launch_delta_r
1,exit_gate_front_wall,6.3549055836520205,1.23387500694915,2.1325240821001707,1.7510571538894106,0.0443147025343768,0.1065808776120955,-0.0752692454551318,7.455040519635453,1.6807344661845938,0.5393622031779098,2.1687227585405155,1.080396733777344,-1.8307180471582924,0.0,0.0,0.0
2,exit_gate_floor,6.219341818640952,1.242416785425144,1.952291134465738,1.7824402146440574,0.0818760389601447,-0.0314518621592494,0.3426772357740164,7.576578084472829,-2.5387699332009688,0.3569709013452585,1.8831386922556528,1.446742172270396,0.6090788985014896,0.0,0.0,0.0
3,exit_gate_floor,6.974038183118578,1.2970631275000972,2.0716376375272647,1.7059267349828202,0.0636543441389929,-0.1637414173984175,0.1236091330217328,7.523613212417387,0.0902602650640019,-0.0226149492792031,0.5888521224810785,-1.4437063551878513,-1.0944643411526656,0.0,0.0,0.0
4,exit_gate_floor,6.937842221365097,1.2528959793975076,1.9992910632781151,1.8002154358710591,0.211783626563033,0.1209701015055024,0.1740356456049978,8.05577304665584,-0.2024691892802561,0.6694141291747484,1.926245653121278,1.6757152036303071,-1.4957971965232195,0.0,0.0,0.0
5,exit_gate_floor,5.553785995451695,1.2359273878738186,2.0805367811097937,1.7008002727240052,0.0339201000263864,-0.1709938977330378,0.1024704964320033,8.729694373003724,0.3053067826845321,-0.4091764218532447,1.083661466454988,-0.911352608247598,-0.4275277567040372,0.0,0.0,0.0
