t_host_s,phase,fan_subject,visible,reason,x_w,y_w,z_w,visible_count,expected_count_ok
247210.557063,prelaunch,Fan_1,True,ok,2.9770923970524032,3.582781606588639,0.38306063035554166,4,True
247210.5576548,prelaunch,Fan_2,True,ok,5.42331366575388,3.57728558216391,0.36912958647775673,4,True
247210.5577137,prelaunch,Fan_3,True,ok,2.9816213045404107,1.081599202608311,0.36574939924996797,4,True
247210.5577491,prelaunch,Fan_4,True,ok,5.366756806665961,1.184738630614979,0.3627532714535942,4,True
