t_host_s,phase,fan_subject,visible,reason,x_w,y_w,z_w,visible_count,expected_count_ok
250794.5247849,prelaunch,Fan_1,True,ok,3.4534347033346213,2.3864659646353843,0.3734071922150358,3,True
250794.5258428,prelaunch,Fan_2,True,ok,4.764560561860039,2.4427456345491643,0.3763267858379674,3,True
250794.5259474,prelaunch,Fan_3,True,ok,2.24188381865699,2.1961193667835364,0.3699567741749264,3,True
250794.5260023,prelaunch,Fan_4,False,fan_subject_occluded,,,,3,True
