t_host_s,phase,fan_subject,visible,reason,x_w,y_w,z_w,visible_count,expected_count_ok
258700.4023246,prelaunch,Fan_1,True,ok,3.8672063299488686,2.077073704129548,0.36785009694500237,4,True
258700.4028083,prelaunch,Fan_2,True,ok,4.560302691095083,2.721928593585292,0.36807349973379666,4,True
258700.4028517,prelaunch,Fan_3,True,ok,2.7617205113743006,2.7308608373520986,0.36645755359612464,4,True
258700.4028776,prelaunch,Fan_4,True,ok,4.956438451696511,1.8431499062523757,0.36456945741555846,4,True
