t_host_s,phase,fan_subject,visible,reason,x_w,y_w,z_w,visible_count,expected_count_ok
256972.407564,prelaunch,Fan_1,True,ok,3.866391097725062,2.073316097407863,0.37117853623671104,4,True
256972.4082059,prelaunch,Fan_2,True,ok,4.564137541264598,2.7292111327608204,0.3702497892790092,4,True
256972.4082924,prelaunch,Fan_3,True,ok,2.7611158584060362,2.725390468028358,0.36927505754637624,4,True
256972.4083253,prelaunch,Fan_4,True,ok,4.957981862865013,1.8413012289800905,0.3677161517660392,4,True
