{
  "audit_root": "03_Control/05_Results/lqr_contextual_v1_0/lqr_controller_trajectory_audit/009",
  "matched_pair_count": 9600,
  "selected_pair_count": 12,
  "mean_abs_dy_separation_m": 0.0007461351131414932,
  "median_abs_dy_separation_m": 0.00015880498746212446,
  "mean_abs_dpsi_separation_deg": 0.17836484851422701,
  "median_abs_dpsi_separation_deg": 0.09203131165666051,
  "mean_abs_dphi_separation_deg": 0.6934860713965356,
  "median_abs_dphi_separation_deg": 0.269655934305454,
  "mean_aileron_left": -0.15955489658553562,
  "mean_aileron_right": 0.2274424812725177,
  "mean_rudder_left": -0.014488377254681328,
  "mean_rudder_right": 0.08194775981600216
}