SurfaceName,IsActive,BoardCommitToReferenceCount,BoardCommitToReferenceMedian_s,BoardCommitToReferenceP95_s,ReferenceToTrainerCount,ReferenceToTrainerMedian_s,ReferenceToTrainerP95_s,TrainerToReceiverCount,TrainerToReceiverMedian_s,TrainerToReceiverP95_s
Aileron_L,1,574,-0.000564858397534174,0.00938036366705592,573,0.0200009999999999,0.0200019999999999,572,-0.00411025000000009,0.016021975
Aileron_R,1,574,-0.000564858397534174,0.00938036366705592,573,0.0214912499999995,0.0214922499999997,572,-0.0056004999999999,0.0145317
Rudder,1,574,-0.000564858397534174,0.00938036366705592,573,0.0229890000000008,0.0229902499999999,572,-0.00709850000000012,0.013033725
Elevator,1,574,-0.000564858397534174,0.00938036366705592,573,0.0244770000000001,0.0244782500000002,572,-0.00858624999999957,0.0115503125
