metric,count,mean_s,median_s,p95_s,p99_s,max_s
commit_to_trainer_latency_s,912,0.008473915750443017,0.004442285233536403,0.02012470918804681,0.02015182537438587,0.020160533120112234
commit_to_receiver_latency_s,912,0.018006620884071484,0.015182720221091017,0.03518542557577078,0.03520278643684506,0.035207718893566664
dispatch_to_receiver_latency_s,912,0.03653489829635198,0.0337886722789662,0.05379880505727783,0.05383056811037145,0.05385214039015729
scheduled_to_receiver_latency_s,912,0.03678838952442221,0.03396447022109328,0.05396717557577304,0.05398453643684396,0.053989468893568926
