metric,count,mean_s,median_s,p95_s,p99_s,max_s
dispatch_to_rx_latency_s,956,0.027478295399741913,0.027454415045973235,0.028797011805737682,0.029120463099312665,0.029407724053143625
dispatch_to_apply_latency_s,956,0.027679437622620203,0.02765171924596821,0.029003807519528024,0.029321904053586145,0.029623954343318104
scheduled_to_rx_latency_s,956,0.027809913600578856,0.027725080138328195,0.02909522584262403,0.029458279010128586,0.02972045157194181
scheduled_to_apply_latency_s,956,0.028011055823457146,0.027922262606919546,0.029300370864867364,0.029669001547597953,0.029936681861997272
rx_to_apply_latency_s,956,0.00019720711297071126,0.000196,0.000214,0.00021945000000000005,0.000294
apply_to_output_latency_s,956,0.020831015296640304,0.02046957303446817,0.030170016591057447,0.03148517745208076,0.031923667374982756
dispatch_to_output_latency_s,956,0.04851045291926051,0.04832590755062505,0.057823975225659296,0.05865731264168019,0.05911951600853271
scheduled_to_output_latency_s,956,0.048842071120097454,0.04859371607559737,0.05807860563725953,0.058883421391054826,0.05927951600853376
