t_host_s,phase,fan_subject,visible,reason,x_w,y_w,z_w,visible_count,expected_count_ok
251017.1001731,prelaunch,Fan_1,True,ok,3.4534441000990217,2.385958360856951,0.37327891401657004,3,True
251017.1011351,prelaunch,Fan_2,True,ok,4.764493295780654,2.441674592577694,0.37678682244820194,3,True
251017.1013317,prelaunch,Fan_3,True,ok,2.2415989538382792,2.195641585512504,0.3698991930185804,3,True
251017.1013815,prelaunch,Fan_4,False,fan_subject_occluded,,,,3,True
