library_size_case_id,launch_count,safe_success_rate,full_safe_success_rate,hard_failure_rate,physical_hard_failure_rate,expected_low_energy_dry_air_sink_rate,no_viable_primitive_rate,mean_launch_score
balanced_cluster,12,0.6666666666666666,0.0,0.0,0.3333333333333333,0.3333333333333333,0.0,80.84235741547819
heavy_cluster,12,0.6666666666666666,0.0,0.0,0.3333333333333333,0.3333333333333333,0.0,86.72872396554068
light_cluster,12,0.6666666666666666,0.0,0.0,0.3333333333333333,0.3333333333333333,0.0,80.84235741547819
no_cluster_no_merge,12,0.6666666666666666,0.0,0.0,0.3333333333333333,0.3333333333333333,0.0,76.84174117943353
super_light_cluster,12,0.6666666666666666,0.0,0.0,0.3333333333333333,0.3333333333333333,0.0,80.84235741547819
