SurfaceName,IsActive,BoardCommitToReferenceCount,BoardCommitToReferenceMedian_s,BoardCommitToReferenceP95_s,ReferenceToTrainerCount,ReferenceToTrainerMedian_s,ReferenceToTrainerP95_s,TrainerToReceiverCount,TrainerToReceiverMedian_s,TrainerToReceiverP95_s
Aileron_L,1,70,0.0006341679818965,0.00877424904444684,69,0.0200004999999999,0.02000125,67,-0.00348199999999999,0.016524025
Aileron_R,1,70,0.0006341679818965,0.00877424904444684,69,0.0214905,0.0214912500000001,67,-0.00497199999999998,0.01503745
Rudder,1,70,0.0006341679818965,0.00877424904444684,69,0.0229884999999999,0.02298925,67,-0.00646999999999998,0.0135416
Elevator,1,70,0.0006341679818965,0.00877424904444684,69,0.0244765,0.0244772500000001,67,-0.00795774999999999,0.0120542
