SurfaceName,TransitionCount,TrainerMatchedCount,ReceiverMatchedCount,TrainerMissCount,ReceiverMissCount,CommitToTrainerCount,CommitToTrainerMean_s,CommitToTrainerMedian_s,CommitToTrainerP95_s,CommitToTrainerP99_s,CommitToTrainerMax_s,CommitToReceiverCount,CommitToReceiverMean_s,CommitToReceiverMedian_s,CommitToReceiverP95_s,CommitToReceiverP99_s,CommitToReceiverMax_s,DispatchToReceiverCount,DispatchToReceiverMean_s,DispatchToReceiverMedian_s,DispatchToReceiverP95_s,DispatchToReceiverP99_s,DispatchToReceiverMax_s,ScheduledToReceiverCount,ScheduledToReceiverMean_s,ScheduledToReceiverMedian_s,ScheduledToReceiverP95_s,ScheduledToReceiverP99_s,ScheduledToReceiverMax_s
Aileron_L,292,292,292,0,0,292,0.019966373247293303,0.01995123086046746,0.020048081532128136,0.020052827664260083,0.020058488828748722,292,0.01830523018158322,0.01585149991506185,0.03583291211558226,0.03591147205485243,0.03591619882251962,292,0.040032730181583334,0.03760801262640001,0.05760625487598823,0.05767601955306297,0.057711396864689846,292,0.04023299730487118,0.03777924991506154,0.0577606621155816,0.05783922205484274,0.05784394882252286
Aileron_R,292,292,292,0,0,292,0.0014530410555126055,0.00144948970023151,0.0015485036578857247,0.0015661676601295583,0.001570392395862541,292,0.019195631722679046,0.015853176164828398,0.035868590023038036,0.03591285612965791,0.03591884503046572,292,0.04092313172267916,0.03761608693287144,0.05763163125944928,0.057680583101666655,0.05772093774089626,292,0.04112339884596701,0.03778092616483164,0.05779634002304128,0.057840606129659876,0.05784659503046896
Rudder,139,139,139,0,0,139,0.0029577464312101373,0.0029414524577298096,0.0030378931176599623,0.003041359363715799,0.003041621814460882,139,0.018722372792201767,0.015857890705824218,0.03584459013266468,0.03590693569719278,0.035914323114454305,139,0.04045031703680656,0.037612371251192656,0.0576155539521622,0.05767304812842752,0.05770307311445322,139,0.040650173151913854,0.03778564070582746,0.05777234013266082,0.05783468569719602,0.05784207311444334
Elevator,196,196,196,0,0,196,0.004451244426078045,0.004440041354857982,0.004538108040111677,0.00454676594426715,0.004548056035144299,196,0.019307204927609685,0.015848557936333663,0.03587398346395432,0.03591274413137242,0.03591884503046572,196,0.04100754676434386,0.037605325974862325,0.05762379527000583,0.057678720450856605,0.057696261614736954,196,0.041234960029650325,0.03777630793633335,0.05780173346395756,0.05784049413136216,0.05784659503046896
