SurfaceName,IsActive,ScheduledToReceiverLatencySampleCount,ScheduledToReceiverLatencyMean_s,ScheduledToReceiverLatencyMedian_s,ScheduledToReceiverLatencyP95_s,ScheduledToReceiverLatencyP99_s,ScheduledToReceiverLatencyMax_s,PpmToReceiverLatencySampleCount,PpmToReceiverLatencyMean_s,PpmToReceiverLatencyMedian_s,PpmToReceiverLatencyP95_s,PpmToReceiverLatencyP99_s,PpmToReceiverLatencyMax_s
Aileron_L,1,49,0.0263232397959184,0.0267315,0.0467372625,0.04673775,0.04673775,49,0.0161212908163265,0.01612125,0.0161235,0.0161235,0.0161235
Aileron_R,1,49,0.0263232397959184,0.0267315,0.0467372625,0.04673775,0.04673775,49,0.0161212908163265,0.01612125,0.0161235,0.0161235,0.0161235
Elevator,1,49,0.0263232959183673,0.0267315,0.0467372625,0.04673775,0.04673775,49,0.0161213469387755,0.01612125,0.0161235,0.0161235,0.0161235
Rudder,1,49,0.0263232397959184,0.0267315,0.0467372625,0.04673775,0.04673775,49,0.0161212908163265,0.01612125,0.0161235,0.0161235,0.0161235
