metric,count,mean_s,median_s,p95_s,p99_s,max_s
commit_to_trainer_latency_s,496,0.013926896615389857,0.013794649242806045,0.0279199181619898,0.029523872752198345,0.029949477628377963
commit_to_receiver_latency_s,496,0.007818797313771846,0.00783372894044998,0.0167016392038164,0.017701407866528386,0.01772547762838883
dispatch_to_receiver_latency_s,496,-0.16136596651694882,-0.1609980230849608,-0.030185071494230442,-0.010153266689197693,-0.01011916700256954
scheduled_to_receiver_latency_s,496,-0.1611731197427552,-0.16048652325905266,-0.03006907149423199,-0.010026167002569863,-0.010023266689197285
