metric,count,mean_s,median_s,p95_s,p99_s,max_s
commit_to_trainer_latency_s,496,0.002250187169477819,0.002127284681002095,0.005219092972180039,0.0052577105479564065,0.00527570886053752
commit_to_receiver_latency_s,496,0.01073541229211057,0.010736062747763953,0.010748956562352419,0.01074986050146265,0.010750297090751815
dispatch_to_receiver_latency_s,496,0.03511754132436872,0.03518578238714909,0.035222052623225863,0.035236501358483,0.035242543720215735
scheduled_to_receiver_latency_s,496,0.03531038809856244,0.03531084445313226,0.0353239565623511,0.03532486050146133,0.035325297090750496
