SurfaceName,TransitionCount,TrainerMatchedCount,ReceiverMatchedCount,TrainerMissCount,ReceiverMissCount,CommitToTrainerCount,CommitToTrainerMean_s,CommitToTrainerMedian_s,CommitToTrainerP95_s,CommitToTrainerP99_s,CommitToTrainerMax_s,CommitToReceiverCount,CommitToReceiverMean_s,CommitToReceiverMedian_s,CommitToReceiverP95_s,CommitToReceiverP99_s,CommitToReceiverMax_s,DispatchToReceiverCount,DispatchToReceiverMean_s,DispatchToReceiverMedian_s,DispatchToReceiverP95_s,DispatchToReceiverP99_s,DispatchToReceiverMax_s,ScheduledToReceiverCount,ScheduledToReceiverMean_s,ScheduledToReceiverMedian_s,ScheduledToReceiverP95_s,ScheduledToReceiverP99_s,ScheduledToReceiverMax_s
Aileron_L,124,124,124,0,0,124,1.3713414482598207e-05,7.500145610350728e-06,4.3203800858293554e-05,5.004503426789597e-05,5.047518560985509e-05,124,0.010735404227594447,0.010736062747763953,0.010748925315758839,0.01074985113020901,0.010750297090751815,124,0.0351175332598526,0.03518578238714909,0.035221869272598384,0.03523611459011434,0.035242543720215735,124,0.035310380034046324,0.03531084445313226,0.03532392531575752,0.03532485113020769,0.035325297090750496
Aileron_R,124,124,124,0,0,124,0.001501025195336437,0.0014974426673433072,0.0017704416196476559,0.0017833252040684755,0.0017907088605397803,124,0.010735404227594447,0.010736062747763953,0.010748925315758839,0.01074985113020901,0.010750297090751815,124,0.0351175332598526,0.03518578238714909,0.035221869272598384,0.03523611459011434,0.035242543720215735,124,0.035310380034046324,0.03531084445313226,0.03532392531575752,0.03532485113020769,0.035325297090750496
Rudder,124,124,124,0,0,124,0.0029990735824334393,0.002995442667341308,0.0035184416196468505,0.00353132520406767,0.003538708860538975,124,0.010735404227594447,0.010736062747763953,0.010748925315758839,0.01074985113020901,0.010750297090751815,124,0.0351175332598526,0.03518578238714909,0.035221869272598384,0.03523611459011434,0.035242543720215735,124,0.035310380034046324,0.03531084445313226,0.03532392531575752,0.03532485113020769,0.035325297090750496
Elevator,124,124,124,0,0,124,0.004486936485658803,0.00448344266734324,0.005255591619645017,0.0052685552040656345,0.00527570886053752,124,0.01073543648565894,0.010736062747763953,0.010748925315758839,0.01074985113020901,0.010750297090751815,124,0.03511756551791709,0.03518578238714909,0.035221869272598384,0.03523611459011434,0.035242543720215735,124,0.035310412292110814,0.03531084445313226,0.03532392531575752,0.03532485113020769,0.035325297090750496
