t_host_s,phase,fan_subject,visible,reason,x_w,y_w,z_w,visible_count,expected_count_ok
260870.6174156,prelaunch,Fan_1,True,ok,3.8691465863858974,2.0781511628216998,0.3668987383286213,4,True
260870.6179591,prelaunch,Fan_2,True,ok,4.59784640668341,2.758615103162153,0.3705877664927746,4,True
260870.6180025,prelaunch,Fan_3,True,ok,2.7589258880567766,2.7269477830502025,0.37174018025993616,4,True
260870.6180295,prelaunch,Fan_4,True,ok,4.928704798606205,1.8934365400632485,0.36711155770671144,4,True
