metric,count,mean_s,median_s,p95_s,p99_s,max_s
dispatch_to_rx_latency_s,956,0.0274782953997679,0.027454415046094,0.0288014395057779,0.0291266146402188,0.0294077240532626
dispatch_to_apply_latency_s,956,0.027679437622649,0.0276517192459682,0.0290041044051183,0.0293330533700359,0.0296239543433181
scheduled_to_rx_latency_s,956,0.0278099136006048,0.0277250801383282,0.0290998089154117,0.0294668933409424,0.0297204515719418
scheduled_to_apply_latency_s,956,0.0280110558234859,0.0279222626069195,0.0293005895930403,0.029681614098894,0.0299366818621163
rx_to_apply_latency_s,956,0.000197207112970711,0.000196,0.000214,0.00021994,0.000294
apply_to_output_latency_s,956,0.0210137059417647,0.0206522636795547,0.0303544183136765,0.0317683233512058,0.0321063580200089
dispatch_to_output_latency_s,956,0.0486931435644137,0.0485085981957827,0.0580093162740258,0.0588521643953587,0.0593022066536903
scheduled_to_output_latency_s,956,0.0490247617652506,0.0487764067207515,0.0582616798136517,0.0590737217134694,0.0594622066536914
