t_host_s,phase,fan_subject,visible,reason,x_w,y_w,z_w,visible_count,expected_count_ok
251238.1251349,prelaunch,Fan_1,True,ok,3.453393404737228,2.3862358868917344,0.37332675618673755,3,True
251238.1259064,prelaunch,Fan_2,True,ok,4.7645575688296695,2.441394499935513,0.3768569005731142,3,True
251238.1259923,prelaunch,Fan_3,True,ok,2.241115201110651,2.1957099562174696,0.369841273698663,3,True
251238.1260243,prelaunch,Fan_4,False,fan_subject_occluded,,,,3,True
