t_host_s,phase,fan_subject,visible,reason,x_w,y_w,z_w,visible_count,expected_count_ok
258082.4267782,prelaunch,Fan_1,True,ok,3.866697451475139,2.0749185478632493,0.3698114950677175,4,True
258082.4272146,prelaunch,Fan_2,True,ok,4.56096261056404,2.7224213756376434,0.3694191455540994,4,True
258082.4272532,prelaunch,Fan_3,True,ok,2.7615395002588183,2.7272441006627135,0.3685943261451413,4,True
258082.4272781,prelaunch,Fan_4,True,ok,4.956669299696829,1.8430565332012177,0.36573104881548746,4,True
