t_host_s,phase,fan_subject,visible,reason,x_w,y_w,z_w,visible_count,expected_count_ok
252107.0013364,prelaunch,Fan_1,True,ok,3.4535407496042856,2.386648556222975,0.37335963133816835,3,True
252107.002152,prelaunch,Fan_2,True,ok,4.770975220927599,2.42814293876365,0.37575770685444826,3,True
252107.0022085,prelaunch,Fan_3,True,ok,2.241111422787691,2.1971263509306462,0.3691931501326372,3,True
252107.0022316,prelaunch,Fan_4,False,fan_subject_occluded,,,,3,True
