throw_index,real_termination_reason,real_launch_speed_m_s,gate_x_w,gate_y_w,gate_z_w,gate_phi,gate_theta,gate_psi,gate_u,gate_v,gate_w,gate_p,gate_q,gate_r,gate_delta_a,gate_delta_e,gate_delta_r
1,exit_gate_front_wall,6.3549055836520205,1.201658180605239,2.1279284198124246,1.7506794564912591,0.0349951908655108,0.1022281331544485,-0.0685093430830878,6.198837489244106,1.3488129709870995,0.3740886637822725,1.6645301712195326,0.994449281319202,-1.6438752636192628,0.0,0.0,0.0
2,exit_gate_floor,6.219341818640952,1.2099878079389557,1.9520391712856893,1.7839762041580465,0.0721532505088178,-0.0385716582753699,0.339807258358594,5.910809035126843,-1.9224243160029613,0.2164115445154668,1.1467414743924162,0.903802419619694,0.5112251688482228,0.0,0.0,0.0
3,exit_gate_floor,6.974038183118578,1.266580870382421,2.067476690528393,1.711414218452438,0.0610172778000186,-0.1583744733833425,0.1294261943212453,6.973681678896923,0.0428412510786239,-0.0560093583189764,0.6719587839674629,-1.3796758433678031,-0.884348131888386,0.0,0.0,0.0
4,exit_gate_floor,6.937842221365097,1.2198377306890027,1.995063989511742,1.7984636575053643,0.2041991292896603,0.1146117997643592,0.1804605154517231,6.9114591684137485,-0.1980765784171455,0.5710976457562005,1.5849288657470353,1.761474833858397,-1.0540410102116764,0.0,0.0,0.0
5,exit_gate_floor,5.553785995451695,1.203562111284802,2.0760556557471523,1.7052128755466562,0.029017109133552,-0.1659348305897259,0.1042722892283642,5.543860016461321,0.1924022430910442,-0.2704373827901568,0.6210384804133273,-0.3516692234874656,-0.2746959115060562,0.0,0.0,0.0
