t_host_s,phase,fan_subject,visible,reason,x_w,y_w,z_w,visible_count,expected_count_ok
252922.4270922,prelaunch,Fan_1,True,ok,3.4536796200295496,2.387062153176013,0.37291546088067395,3,True
252922.4278654,prelaunch,Fan_2,True,ok,4.7709437308718865,2.428303778393238,0.3756231732875628,3,True
252922.4280064,prelaunch,Fan_3,True,ok,2.238783532786254,2.197272614219319,0.368074159269146,3,True
252922.4280424,prelaunch,Fan_4,False,fan_subject_occluded,,,,3,True
