t_host_s,phase,fan_subject,visible,reason,x_w,y_w,z_w,visible_count,expected_count_ok
246032.7886634,prelaunch,Fan_1,True,ok,2.976390135690461,3.5826217999185124,0.38328676615767576,4,True
246032.7893174,prelaunch,Fan_2,True,ok,5.423254928483552,3.574508070481928,0.37027727924011666,4,True
246032.7893693,prelaunch,Fan_3,True,ok,2.9802155405133846,1.0789372613175428,0.366942422061041,4,True
246032.7894011,prelaunch,Fan_4,True,ok,5.361782490089606,1.1651967506641767,0.3627719865350357,4,True
