t_host_s,phase,fan_subject,visible,reason,x_w,y_w,z_w,visible_count,expected_count_ok
246614.9942016,prelaunch,Fan_1,True,ok,2.976580632640702,3.5825231981463936,0.3827759242836892,4,True
246614.9946889,prelaunch,Fan_2,True,ok,5.423151232680839,3.5771133232708086,0.36911144268524454,4,True
246614.9947323,prelaunch,Fan_3,True,ok,2.9821430882386086,1.083395141215519,0.36491574000592325,4,True
246614.9947586,prelaunch,Fan_4,True,ok,5.35879594282366,1.1718599595181383,0.3624040835136506,4,True
