t_host_s,phase,fan_subject,visible,reason,x_w,y_w,z_w,visible_count,expected_count_ok
242066.9520481,prelaunch,Fan_1,True,ok,2.975450985380406,3.578632394092119,0.3852794388686878,4,True
242066.9525734,prelaunch,Fan_2,True,ok,5.419814140285294,3.6395720388183372,0.37736425903505677,4,True
242066.9526203,prelaunch,Fan_3,True,ok,3.0113888301623817,1.1914305530245395,0.3719581033193051,4,True
242066.9526481,prelaunch,Fan_4,True,ok,5.354257704803493,1.1675444937885842,0.36737581728406576,4,True
