t_host_s,phase,fan_subject,visible,reason,x_w,y_w,z_w,visible_count,expected_count_ok
257772.5596878,prelaunch,Fan_1,True,ok,3.8674991002332217,2.073852305419195,0.3697294942420035,4,True
257772.561756,prelaunch,Fan_2,True,ok,4.564103280202117,2.7265481175097315,0.3685424950616474,4,True
257772.5618198,prelaunch,Fan_3,True,ok,2.7627066393400495,2.7394633522157243,0.3628358031299599,4,True
257772.5618556,prelaunch,Fan_4,True,ok,4.957694540296966,1.8426235680252336,0.36619198108818674,4,True
