t_host_s,phase,fan_subject,visible,reason,x_w,y_w,z_w,visible_count,expected_count_ok
246885.7733407,prelaunch,Fan_1,True,ok,2.976727528349225,3.5815843897695556,0.3831154822021148,4,True
246885.7740458,prelaunch,Fan_2,True,ok,5.424288436802349,3.574506374646601,0.37088156451759535,4,True
246885.7741245,prelaunch,Fan_3,True,ok,2.983655899621364,1.0829364248720257,0.3669299271811807,4,True
246885.7742534,prelaunch,Fan_4,True,ok,5.353968214231989,1.19517436271021,0.36263799139267905,4,True
