t_host_s,phase,fan_subject,visible,reason,x_w,y_w,z_w,visible_count,expected_count_ok
247353.7991541,prelaunch,Fan_1,True,ok,2.9768250562480585,3.5828132458923108,0.38300463493294257,4,True
247353.7998273,prelaunch,Fan_2,True,ok,5.423321116413872,3.5773724466555854,0.3692172905263447,4,True
247353.7998749,prelaunch,Fan_3,True,ok,2.981408399529687,1.0796147403822294,0.3654925298064145,4,True
247353.7999023,prelaunch,Fan_4,True,ok,5.368695612115227,1.180667366133684,0.3624220991096343,4,True
