t_host_s,phase,fan_subject,visible,reason,x_w,y_w,z_w,visible_count,expected_count_ok
257531.5578876,prelaunch,Fan_1,True,ok,3.867021845092867,2.0742658580633413,0.3698826292999302,4,True
257531.5586377,prelaunch,Fan_2,True,ok,4.563808094323846,2.7279609666756715,0.36808158200272734,4,True
257531.5586884,prelaunch,Fan_3,True,ok,2.761365458845206,2.7307759616491465,0.36698983007823127,4,True
257531.5587185,prelaunch,Fan_4,True,ok,4.957423236060546,1.843104836764105,0.3659470286094102,4,True
