t_host_s,phase,fan_subject,visible,reason,x_w,y_w,z_w,visible_count,expected_count_ok
258681.5385259,prelaunch,Fan_1,True,ok,3.867107430335107,2.077091932631049,0.36842845298793747,4,True
258681.5391348,prelaunch,Fan_2,True,ok,4.560075437695339,2.721462311461787,0.36828998036516214,4,True
258681.5392407,prelaunch,Fan_3,True,ok,2.7618731959997973,2.7307170749698573,0.36681869873716955,4,True
258681.5392855,prelaunch,Fan_4,True,ok,4.956206398730713,1.8428654027349842,0.364725604009729,4,True
