t_host_s,phase,fan_subject,visible,reason,x_w,y_w,z_w,visible_count,expected_count_ok
252610.892471,prelaunch,Fan_1,True,ok,3.453605130232597,2.386748175971688,0.3728750497293496,3,True
252610.8933096,prelaunch,Fan_2,True,ok,4.771123401651706,2.4281916111641353,0.37607065224151703,3,True
252610.8933682,prelaunch,Fan_3,True,ok,2.239360012855737,2.1969641939659152,0.36786969001301534,3,True
252610.8933915,prelaunch,Fan_4,False,fan_subject_occluded,,,,3,True
