t_host_s,phase,fan_subject,visible,reason,x_w,y_w,z_w,visible_count,expected_count_ok
258172.8641541,prelaunch,Fan_1,True,ok,3.8665816101984616,2.074874593729749,0.36956392620586775,4,True
258172.8648005,prelaunch,Fan_2,True,ok,4.560641883276853,2.721990918176397,0.368591170338905,4,True
258172.8648661,prelaunch,Fan_3,True,ok,2.761672191282246,2.7284490041449776,0.36765630133178684,4,True
258172.8649788,prelaunch,Fan_4,True,ok,4.956831198215203,1.8429127948026325,0.3653364784958779,4,True
