library_size_case_id,launch_count,safe_success_rate,hard_failure_rate,no_viable_primitive_rate,mean_launch_score
balanced_cluster,42,0.3333333333333333,0.3333333333333333,0.3333333333333333,-52.33362608378426
heavy_cluster,42,0.3333333333333333,0.3333333333333333,0.3333333333333333,-52.33362608378426
light_cluster,42,0.3333333333333333,0.3333333333333333,0.3333333333333333,-52.33362608378426
no_cluster_no_merge,42,0.3333333333333333,0.3333333333333333,0.3333333333333333,-52.33362608378426
super_light_cluster,42,0.3333333333333333,0.3333333333333333,0.3333333333333333,-52.33362608378426
