library_size_case_id,launch_count,safe_success_rate,full_safe_success_rate,hard_failure_rate,physical_hard_failure_rate,expected_low_energy_dry_air_sink_rate,no_viable_primitive_rate,mission_success_rate,front_wall_terminal_success_rate,wrong_wall_exit_rate,mean_launch_score
balanced_cluster,12,0.6666666666666666,0.0,0.0,0.3333333333333333,0.3333333333333333,0.0,0.6666666666666666,0.6666666666666666,0.0,94.2839719837907
heavy_cluster,12,0.6666666666666666,0.0,0.0,0.3333333333333333,0.3333333333333333,0.0,0.6666666666666666,0.6666666666666666,0.0,90.63816989986992
light_cluster,12,0.6666666666666666,0.0,0.0,0.3333333333333333,0.3333333333333333,0.0,0.6666666666666666,0.6666666666666666,0.0,91.95594891695703
no_cluster_no_merge,12,0.6666666666666666,0.0,0.0,0.3333333333333333,0.3333333333333333,0.0,0.6666666666666666,0.6666666666666666,0.0,90.70349870779461
super_light_cluster,12,0.6666666666666666,0.0,0.0,0.3333333333333333,0.3333333333333333,0.0,0.6666666666666666,0.6666666666666666,0.0,91.95594891695703
