t_host_s,phase,fan_subject,visible,reason,x_w,y_w,z_w,visible_count,expected_count_ok
243552.0930787,prelaunch,Fan_1,True,ok,2.9771308930450058,3.5818498788604307,0.38355527308582443,4,True
243552.0937774,prelaunch,Fan_2,True,ok,5.418828892930396,3.6505520896893104,0.374013962631722,4,True
243552.0938348,prelaunch,Fan_3,True,ok,3.020569893814133,1.1905426127112682,0.3705091832175878,4,True
243552.0938688,prelaunch,Fan_4,True,ok,5.357280435057078,1.1538962635647505,0.36433579423294704,4,True
