t_host_s,phase,fan_subject,visible,reason,x_w,y_w,z_w,visible_count,expected_count_ok
246016.750878,prelaunch,Fan_1,True,ok,2.9770128120359836,3.5826184429464796,0.3831549767996523,4,True
246016.7514374,prelaunch,Fan_2,True,ok,5.4235158827647565,3.5737613658234033,0.369863662411103,4,True
246016.7514803,prelaunch,Fan_3,True,ok,2.980913307420501,1.0773451711472009,0.36746803526315674,4,True
246016.7515177,prelaunch,Fan_4,True,ok,5.362478640954918,1.1673997524291713,0.3621151215744527,4,True
