t_host_s,phase,fan_subject,visible,reason,x_w,y_w,z_w,visible_count,expected_count_ok
252508.1711837,prelaunch,Fan_1,True,ok,3.4535939671655034,2.386864665596812,0.3730367149565137,3,True
252508.1725209,prelaunch,Fan_2,True,ok,4.77104382782082,2.428223059698126,0.3760090799554528,3,True
252508.1728998,prelaunch,Fan_3,True,ok,2.2397953726054753,2.1971482027278766,0.36833391765522083,3,True
252508.1729838,prelaunch,Fan_4,False,fan_subject_occluded,,,,3,True
