throw_id,initial_x,initial_y,initial_z,initial_speed,initial_energy,real_final_x,real_final_y,real_final_z,real_final_speed,real_final_energy,real_dx,real_dy,real_dz,real_denergy,sim_final_x,sim_final_y,sim_final_z,sim_final_speed,sim_final_energy,sim_dx,sim_dy,sim_dz,sim_denergy,sim_steps,sim_termination,real_termination,real_decision_count,real_first_primitives
throw_001,1.2828662711640253,2.041750537458216,1.681528856367479,6.655163075229406,3.938980209980982,6.279113586463463,0.479113411172976,0.3903460736707738,4.709526475340682,1.5208068087337108,4.996247315299438,-1.56263712628524,-1.2911827826967053,-2.4181734012472713,6.6231020028134,2.6201778264753712,1.0038701237556789,5.7836730456533445,2.7088076313508385,5.340235731649374,0.5784272890171551,-0.6776587326118002,-1.2301725786301434,9,wall_boundary_exit_retained,exit_gate_floor,14,mild_turn_right;lift_entry;safe_exit_or_recovery_handoff;safe_exit_or_recovery_handoff;safe_exit_or_recovery_handoff;safe_exit_or_recovery_handoff
throw_002,1.2541702020924275,2.071841699006034,1.6488575597373711,6.420947838694037,3.750211848586995,5.897753898110665,3.6682124541699306,0.39118484690810373,5.481215092161242,1.9224651163543918,4.643583696018237,1.5963707551638966,-1.2576727128292675,-1.8277467322326033,6.633608602828038,2.5559953208200503,1.2395078291599493,5.11900924939362,2.5750968044595126,5.37943840073561,0.48415362181401633,-0.40934973057742186,-1.1751150441274825,9,wall_boundary_exit_retained,exit_gate_floor,13,mild_turn_right;lift_entry;safe_exit_or_recovery_handoff;safe_exit_or_recovery_handoff;safe_exit_or_recovery_handoff;safe_exit_or_recovery_handoff
