t_host_s,phase,fan_subject,visible,reason,x_w,y_w,z_w,visible_count,expected_count_ok
261011.3099723,prelaunch,Fan_1,True,ok,3.869212545258927,2.07880198742896,0.3666632346952634,4,True
261011.3105139,prelaunch,Fan_2,True,ok,4.5979717458188,2.7598236700954684,0.3699247828868554,4,True
261011.3105651,prelaunch,Fan_3,True,ok,2.7584735496449975,2.7276063964847004,0.369011984973166,4,True
261011.3105957,prelaunch,Fan_4,True,ok,4.928351095555877,1.8940547279330988,0.36671415047415223,4,True
