t_host_s,phase,fan_subject,visible,reason,x_w,y_w,z_w,visible_count,expected_count_ok
261049.2754036,prelaunch,Fan_1,True,ok,3.868998063973272,2.078257529030248,0.36693631726228637,4,True
261049.2763129,prelaunch,Fan_2,True,ok,4.597705137673016,2.7580436577518896,0.370620631809077,4,True
261049.2766467,prelaunch,Fan_3,True,ok,2.7584791704992964,2.7268399272338786,0.36963822536943847,4,True
261049.2767498,prelaunch,Fan_4,True,ok,4.928461142532198,1.8933442448697946,0.3669195513738196,4,True
