t_host_s,phase,fan_subject,visible,reason,x_w,y_w,z_w,visible_count,expected_count_ok
252448.993278,prelaunch,Fan_1,True,ok,3.4537766642668144,2.3868744108477076,0.3730380344283103,3,True
252448.9950944,prelaunch,Fan_2,True,ok,4.77105428947186,2.4282298228756978,0.37625289867981915,3,True
252448.9951515,prelaunch,Fan_3,True,ok,2.239760980074515,2.1970531381041805,0.3684398614178181,3,True
252448.9951943,prelaunch,Fan_4,False,fan_subject_occluded,,,,3,True
