t_host_s,phase,fan_subject,visible,reason,x_w,y_w,z_w,visible_count,expected_count_ok
250880.5920109,prelaunch,Fan_1,True,ok,3.453177180665354,2.3863388176692903,0.37333833443778375,3,True
250880.5927779,prelaunch,Fan_2,True,ok,4.764332955085267,2.4425048171873476,0.37641515143856497,3,True
250880.5930306,prelaunch,Fan_3,True,ok,2.241405223877006,2.1957870183007553,0.3697983202809482,3,True
250880.5930836,prelaunch,Fan_4,False,fan_subject_occluded,,,,3,True
