t_host_s,phase,fan_subject,visible,reason,x_w,y_w,z_w,visible_count,expected_count_ok
250177.4927939,prelaunch,Fan_1,True,ok,3.4534792744850105,2.3864953202685966,0.37374945256948466,3,True
250177.4938863,prelaunch,Fan_2,True,ok,4.763248931936838,2.44559098858857,0.3770296050158178,3,True
250177.4939435,prelaunch,Fan_3,True,ok,2.240005817111653,2.1931072948916133,0.3697530661676844,3,True
250177.4939659,prelaunch,Fan_4,False,fan_subject_occluded,,,,3,True
