t_host_s,phase,fan_subject,visible,reason,x_w,y_w,z_w,visible_count,expected_count_ok
243620.1160433,prelaunch,Fan_1,True,ok,2.9770893608720366,3.5821023621761476,0.3834956083392719,4,True
243620.116724,prelaunch,Fan_2,True,ok,5.418713949148742,3.650304282710414,0.37394655972408686,4,True
243620.1167703,prelaunch,Fan_3,True,ok,3.0206652349645835,1.1897210724904554,0.36992156928228814,4,True
243620.1167982,prelaunch,Fan_4,True,ok,5.361283575125783,1.1550794453015556,0.36442086951313446,4,True
