t_host_s,phase,fan_subject,visible,reason,x_w,y_w,z_w,visible_count,expected_count_ok
243375.4004203,prelaunch,Fan_1,True,ok,2.9774956331845686,3.5821863588109117,0.3840075923840041,4,True
243375.4011467,prelaunch,Fan_2,True,ok,5.419713141757969,3.6515800396890885,0.37429286419984165,4,True
243375.401207,prelaunch,Fan_3,True,ok,3.0258712581036518,1.1929042098060023,0.3740123078723634,4,True
243375.4012433,prelaunch,Fan_4,True,ok,5.357173597180877,1.1568127612558337,0.3647813597969471,4,True
