t_host_s,phase,fan_subject,visible,reason,x_w,y_w,z_w,visible_count,expected_count_ok
247165.0109402,prelaunch,Fan_1,True,ok,2.9768110423204472,3.5825513146320214,0.38308143516120136,4,True
247165.0115629,prelaunch,Fan_2,True,ok,5.423138579384927,3.5772783998771165,0.36878914780214506,4,True
247165.0116096,prelaunch,Fan_3,True,ok,2.98194708152298,1.0811444878167968,0.366253377705748,4,True
247165.0116603,prelaunch,Fan_4,True,ok,5.366885745129639,1.1865480213175632,0.3625857041742551,4,True
