t_host_s,phase,fan_subject,visible,reason,x_w,y_w,z_w,visible_count,expected_count_ok
246429.4632745,prelaunch,Fan_1,True,ok,2.9767850048361564,3.5823383661902852,0.38328778259523355,4,True
246429.4638506,prelaunch,Fan_2,True,ok,5.422819464371493,3.5759202430818893,0.3705351214691693,4,True
246429.4639097,prelaunch,Fan_3,True,ok,2.982044169467355,1.0775104871517283,0.36639149673934945,4,True
246429.4641103,prelaunch,Fan_4,True,ok,5.365406949562039,1.1684957465537653,0.36274520721317144,4,True
