t_host_s,phase,fan_subject,visible,reason,x_w,y_w,z_w,visible_count,expected_count_ok
243299.5579405,prelaunch,Fan_1,True,ok,2.977175439770296,3.5797449906345182,0.3839711223405839,4,True
243299.5596566,prelaunch,Fan_2,True,ok,5.420930526069126,3.643096431860833,0.37604163836792476,4,True
243299.5598396,prelaunch,Fan_3,True,ok,3.019197106291154,1.18869385604084,0.3691652192623301,4,True
243299.5599918,prelaunch,Fan_4,True,ok,5.355893252598602,1.155830574250336,0.36443218953626705,4,True
