{
  "current_position_offset_m": [
    3.9,
    2.2,
    0.0
  ],
  "current_transform_error_m": [
    -0.21461781297488491,
    -0.10383470465583833,
    -0.24037894573628538
  ],
  "current_transformed_mean_m": [
    0.985382187025115,
    1.4961652953441618,
    0.059621054263714605
  ],
  "current_yaw_alignment_deg": 0.0,
  "invalid_reasons": {
    "vicon_subject_occluded": 1
  },
  "known_arena_point_m": [
    1.2,
    1.6,
    0.3
  ],
  "raw_vicon_mean_m": [
    -2.914617812974886,
    -0.7038347046558382,
    0.059621054263714605
  ],
  "raw_vicon_std_m": [
    0.00018415232310895995,
    0.00019223408033357194,
    0.00030966526044583627
  ],
  "recommended_position_offset_m": [
    4.114617812974886,
    2.3038347046558383,
    0.24037894573628538
  ],
  "run_root": "C:/Users/GH-X-ST/OneDrive - Imperial College London/Year 4/Final Year Project/01 - Github/Nausicaa/04_Flight_Test/05_Results/vicon_frame_calibration/20260601_195120",
  "status": "ok",
  "valid_sample_count": 150
}