t_host_s,phase,fan_subject,visible,reason,x_w,y_w,z_w,visible_count,expected_count_ok
261028.8429496,prelaunch,Fan_1,True,ok,3.8690066185856096,2.078540129632995,0.36661676038992475,4,True
261028.8436555,prelaunch,Fan_2,True,ok,4.5981269058796315,2.759451590988412,0.3697886103267042,4,True
261028.8437134,prelaunch,Fan_3,True,ok,2.7586494349041892,2.7275648916972055,0.3690336252546914,4,True
261028.8437511,prelaunch,Fan_4,True,ok,4.928669413666197,1.8939856690094092,0.36676653206733356,4,True
