t_host_s,phase,fan_subject,visible,reason,x_w,y_w,z_w,visible_count,expected_count_ok
243664.1213316,prelaunch,Fan_1,True,ok,2.977392024374332,3.581731052189742,0.3836315377692449,4,True
243664.1221381,prelaunch,Fan_2,True,ok,5.419254571003575,3.648481369324039,0.37505454356828055,4,True
243664.1221908,prelaunch,Fan_3,True,ok,3.0216871910196974,1.1886809070628426,0.3699135028753955,4,True
243664.1222228,prelaunch,Fan_4,True,ok,5.361323783440958,1.1559974134461086,0.36427071716181714,4,True
