metric,count,mean_s,median_s,p95_s,p99_s,max_s
dispatch_to_rx_latency_s,914,0.021759551638586894,0.021585678814886933,0.023955757977605074,0.024447453050609448,0.02457598815411366
dispatch_to_apply_latency_s,914,0.021960824216120407,0.021782043238729898,0.02414769014949547,0.024655363717245412,0.024792249756277585
scheduled_to_rx_latency_s,914,0.02220923872830242,0.021933107313394373,0.024200949371396163,0.02464076973910629,0.024776711405932517
scheduled_to_apply_latency_s,914,0.022410511305835937,0.02213186784708654,0.02440388253566601,0.024837781952503926,0.024982771989106922
rx_to_apply_latency_s,914,0.00019730634573304157,0.000195,0.000214,0.00021887000000000002,0.000223
apply_to_output_latency_s,914,0.020033040716804534,0.019895837690793172,0.029300306189866454,0.030439477172731204,0.031127054458075065
dispatch_to_output_latency_s,914,0.04199386493292494,0.04200681412617158,0.05132182556392344,0.052391741199795734,0.052834526504550894
scheduled_to_output_latency_s,914,0.04244355202264046,0.04234164959344433,0.05170464243921469,0.052676722644256095,0.053125426749703664
