environment_block_id,launch_count,safe_success_rate,full_safe_success_rate,claim_bearing_episode_rate,expected_low_energy_dry_air_sink_rate,mission_success_rate,front_wall_terminal_success_rate,wrong_wall_exit_rate,mean_launch_score
r11_l0_dry_air_fixed,1400,0.6571428571428571,0.0,0.7421428571428571,0.25785714285714284,0.6571428571428571,0.6571428571428571,0.0,75.04857593284046
r11_l1_single_fan_fixed_nominal,1400,0.655,0.0,0.75,0.25,0.6428571428571429,0.6428571428571429,0.02214285714285714,77.3359688773387
r11_l2_four_fan_fixed_nominal,1400,0.7871428571428571,0.0,0.85,0.15,0.6907142857142857,0.6907142857142857,0.10214285714285715,87.56002475888113
r11_l3_fan_parameter_uncertainty,1400,0.6621428571428571,0.0,0.7864285714285715,0.21357142857142858,0.6071428571428571,0.6071428571428571,0.09,73.00990183486991
r11_l4_local_fan_position_uncertainty,1400,0.61,0.0,0.785,0.215,0.5742857142857143,0.5742857142857143,0.10928571428571429,65.47765883453724
r11_l5_active_fan_count_uncertainty,1400,0.6007142857142858,0.0,0.7464285714285714,0.25357142857142856,0.5871428571428572,0.5871428571428572,0.05928571428571429,66.7888148547392
r11_l6_environment_only_full_uncertainty,1400,0.6557142857142857,0.0,0.7671428571428571,0.23285714285714285,0.6442857142857142,0.6442857142857142,0.04,76.36952598623292
r11_l7_full_domain_randomisation_arena_wide,1400,0.6321428571428571,0.0,0.7957142857142857,0.2042857142857143,0.62,0.62,0.052142857142857144,66.79854688226787
