library_size_case_id,launch_count,safe_success_rate,full_safe_success_rate,hard_failure_rate,physical_hard_failure_rate,expected_low_energy_dry_air_sink_rate,no_viable_primitive_rate,mission_success_rate,front_wall_terminal_success_rate,wrong_wall_exit_rate,mean_launch_score
balanced_cluster,2240,0.6584821428571429,0.0,0.03571428571428571,0.259375,0.2236607142857143,0.08214285714285714,0.6205357142857143,0.6205357142857143,0.06830357142857142,72.15853467799569
heavy_cluster,2240,0.6625,0.0,0.026339285714285714,0.24375,0.2174107142857143,0.09375,0.6383928571428571,0.6383928571428571,0.045089285714285714,75.87431343985708
light_cluster,2240,0.6544642857142857,0.0,0.03571428571428571,0.2584821428571429,0.22276785714285716,0.08705357142857142,0.6236607142857142,0.6236607142857142,0.0625,72.7622411553652
no_cluster_no_merge,2240,0.6633928571428571,0.0,0.03526785714285714,0.2580357142857143,0.22276785714285716,0.07857142857142857,0.6334821428571429,0.6334821428571429,0.060714285714285714,74.42942697514256
super_light_cluster,2240,0.6486607142857143,0.0,0.04285714285714286,0.2669642857142857,0.22410714285714287,0.084375,0.6236607142857142,0.6236607142857142,0.060267857142857144,72.51861997770658
