{
  "current_position_offset_m": [
    3.9,
    2.2,
    0.0
  ],
  "current_transform_error_m": [
    -0.1989451534210842,
    -0.10382979830700423,
    -0.1399307978842953
  ],
  "current_transformed_mean_m": [
    1.0010548465789157,
    1.4961702016929959,
    0.060069202115704705
  ],
  "current_yaw_alignment_deg": 0.0,
  "invalid_reasons": {
    "vicon_subject_occluded": 1
  },
  "known_arena_point_m": [
    1.2,
    1.6,
    0.2
  ],
  "raw_calibration_offset_m": [
    4.098945153421085,
    2.3038297983070053,
    0.1399307978842953
  ],
  "raw_vicon_mean_m": [
    -2.8989451534210855,
    -0.7038297983070053,
    0.060069202115704705
  ],
  "raw_vicon_std_m": [
    0.0010710903390100072,
    0.000742297296505696,
    0.0018366799620176495
  ],
  "raw_z_error_m": -0.1399307978842953,
  "recommended_runtime_position_offset_m": [
    4.098945153421085,
    2.3038297983070053,
    0.0
  ],
  "run_root": "C:/Users/GH-X-ST/OneDrive - Imperial College London/Year 4/Final Year Project/01 - Github/Nausicaa/04_Flight_Test/05_Results/vicon_frame_calibration/20260601_192929",
  "status": "ok",
  "valid_sample_count": 150
}