t_host_s,phase,fan_subject,visible,reason,x_w,y_w,z_w,visible_count,expected_count_ok
243755.8959418,prelaunch,Fan_1,True,ok,2.9763878612304757,3.583244792034999,0.38374123246352476,4,True
243755.8966098,prelaunch,Fan_2,True,ok,5.41910173562999,3.6520628034648754,0.37440093127029545,4,True
243755.8966674,prelaunch,Fan_3,True,ok,3.0123432414114095,1.1350451634930177,0.37162310811118016,4,True
243755.8966999,prelaunch,Fan_4,True,ok,5.360490611991323,1.1561737900840436,0.3640508975241329,4,True
