t_host_s,phase,fan_subject,visible,reason,x_w,y_w,z_w,visible_count,expected_count_ok
252200.9467003,prelaunch,Fan_1,True,ok,3.4536607258371728,2.386835499798936,0.37330588513411544,3,True
252200.9472136,prelaunch,Fan_2,True,ok,4.771193343126863,2.428396579772885,0.3764777384601318,3,True
252200.9472569,prelaunch,Fan_3,True,ok,2.240861883131741,2.197388146026066,0.36897208850887653,3,True
252200.9472753,prelaunch,Fan_4,False,fan_subject_occluded,,,,3,True
