t_host_s,phase,fan_subject,visible,reason,x_w,y_w,z_w,visible_count,expected_count_ok
258210.396235,prelaunch,Fan_1,True,ok,3.866902452375761,2.076672875195118,0.3689333761855992,4,True
258210.3969878,prelaunch,Fan_2,True,ok,4.560926798857716,2.721977593354287,0.36925314055954517,4,True
258210.3970449,prelaunch,Fan_3,True,ok,2.761798343636258,2.7283854247063735,0.36797653181825574,4,True
258210.3970762,prelaunch,Fan_4,True,ok,4.956741014635066,1.8429163260526422,0.3654145442607335,4,True
