t_host_s,phase,fan_subject,visible,reason,x_w,y_w,z_w,visible_count,expected_count_ok
251031.1556413,prelaunch,Fan_1,True,ok,3.4532006678858918,2.3863965172890245,0.37333013287909594,3,True
251031.1564367,prelaunch,Fan_2,True,ok,4.764263405277702,2.4420595075306823,0.37635183232090935,3,True
251031.1565125,prelaunch,Fan_3,True,ok,2.241503809355064,2.1959277086763396,0.36981801995647656,3,True
251031.1565385,prelaunch,Fan_4,False,fan_subject_occluded,,,,3,True
