t_host_s,phase,fan_subject,visible,reason,x_w,y_w,z_w,visible_count,expected_count_ok
250719.806568,prelaunch,Fan_1,True,ok,3.4533760874050254,2.3867217457304064,0.373612369598146,3,True
250719.8074689,prelaunch,Fan_2,True,ok,4.764056466187434,2.443247339735115,0.3767428442872837,3,True
250719.8075784,prelaunch,Fan_3,True,ok,2.241636465034323,2.1946546674532366,0.36984445248079056,3,True
250719.8076163,prelaunch,Fan_4,False,fan_subject_occluded,,,,3,True
