t_host_s,phase,fan_subject,visible,reason,x_w,y_w,z_w,visible_count,expected_count_ok
260414.201788,prelaunch,Fan_1,True,ok,3.8676587553683865,2.077241096957202,0.3680370439873144,4,True
260414.2024064,prelaunch,Fan_2,True,ok,4.597685097224723,2.7579505901992634,0.3710048474337715,4,True
260414.2024649,prelaunch,Fan_3,True,ok,2.762899495272019,2.7377829100037534,0.36386522733323157,4,True
260414.2024937,prelaunch,Fan_4,True,ok,4.928621270069146,1.8934052300581983,0.36730739323372563,4,True
