t_host_s,phase,fan_subject,visible,reason,x_w,y_w,z_w,visible_count,expected_count_ok
252902.7101564,prelaunch,Fan_1,True,ok,3.4534212704842964,2.386939981995483,0.3729612860433871,3,True
252902.7107553,prelaunch,Fan_2,True,ok,4.770926682388458,2.4281535768089313,0.37569222711474454,3,True
252902.7108978,prelaunch,Fan_3,True,ok,2.2386200356923296,2.197167915449434,0.3680232798379377,3,True
252902.7109317,prelaunch,Fan_4,False,fan_subject_occluded,,,,3,True
