t_host_s,phase,fan_subject,visible,reason,x_w,y_w,z_w,visible_count,expected_count_ok
243161.4690314,prelaunch,Fan_1,True,ok,2.977172205938606,3.5798886763806825,0.3839757180340933,4,True
243161.4698788,prelaunch,Fan_2,True,ok,5.419936928394534,3.6436687280334334,0.3758173598105637,4,True
243161.4700149,prelaunch,Fan_3,True,ok,3.020799602317317,1.1901503624318723,0.3694242036020272,4,True
243161.4700829,prelaunch,Fan_4,True,ok,5.352460678226614,1.1592582935421012,0.36452057212983074,4,True
