library_size_case_id,launch_count,safe_success_rate,full_safe_success_rate,hard_failure_rate,physical_hard_failure_rate,expected_low_energy_dry_air_sink_rate,no_viable_primitive_rate,mission_success_rate,front_wall_terminal_success_rate,wrong_wall_exit_rate,mean_launch_score
balanced_cluster,1600,0.74125,0.0,0.02125,0.2175,0.19625,0.04125,0.724375,0.724375,0.035625,89.06030687921611
heavy_cluster,1600,0.754375,0.0,0.010625,0.184375,0.17375,0.06125,0.749375,0.749375,0.0125,92.85014473615097
light_cluster,1600,0.7625,0.0,0.031875,0.193125,0.16125,0.044375,0.745625,0.745625,0.04375,90.60847158736995
no_cluster_no_merge,1600,0.7475,0.0,0.025,0.209375,0.184375,0.043125,0.73375,0.73375,0.038125,90.15917069070561
super_light_cluster,1600,0.741875,0.0,0.0275,0.2075,0.18,0.050625,0.726875,0.726875,0.031875,88.49367263098937
