t_host_s,phase,fan_subject,visible,reason,x_w,y_w,z_w,visible_count,expected_count_ok
246065.814061,prelaunch,Fan_1,True,ok,2.9770033199210104,3.5829979649897767,0.3828270071421647,4,True
246065.8146747,prelaunch,Fan_2,True,ok,5.423049373908825,3.575219259032428,0.3698325492616964,4,True
246065.8147232,prelaunch,Fan_3,True,ok,2.981181564727471,1.0773666141645426,0.36735160504211584,4,True
246065.8147528,prelaunch,Fan_4,True,ok,5.362443135828146,1.1642963392469297,0.3627083158902959,4,True
