t_host_s,phase,fan_subject,visible,reason,x_w,y_w,z_w,visible_count,expected_count_ok
247117.4252297,prelaunch,Fan_1,True,ok,2.976728767935926,3.582464855823245,0.38286259358525726,4,True
247117.4258109,prelaunch,Fan_2,True,ok,5.423290985516596,3.577698660791556,0.36924041330597585,4,True
247117.4258605,prelaunch,Fan_3,True,ok,2.9817735892981956,1.0820269971631418,0.3664837898789021,4,True
247117.4259731,prelaunch,Fan_4,True,ok,5.363760492183257,1.1862434904186454,0.3628520469304631,4,True
