t_host_s,phase,fan_subject,visible,reason,x_w,y_w,z_w,visible_count,expected_count_ok
247392.1147259,prelaunch,Fan_1,True,ok,2.9765991470609743,3.582910662838888,0.3828765627839677,4,True
247392.1152215,prelaunch,Fan_2,True,ok,5.423416363875587,3.577207738546007,0.36905036649543377,4,True
247392.1152869,prelaunch,Fan_3,True,ok,2.981468226735664,1.0778900776669853,0.3652254922471193,4,True
247392.1154004,prelaunch,Fan_4,True,ok,5.36915370297293,1.179790068404787,0.3625477967290922,4,True
