t_host_s,phase,fan_subject,visible,reason,x_w,y_w,z_w,visible_count,expected_count_ok
250452.7575077,prelaunch,Fan_1,True,ok,3.4537943466382353,2.3855101313963574,0.37357216045265307,3,True
250452.7580101,prelaunch,Fan_2,True,ok,4.764168199590866,2.443713514249366,0.3772065906278533,3,True
250452.7582619,prelaunch,Fan_3,True,ok,2.2413277131885816,2.192770899307491,0.3704391600884099,3,True
250452.7583916,prelaunch,Fan_4,False,fan_subject_occluded,,,,3,True
