t_host_s,phase,fan_subject,visible,reason,x_w,y_w,z_w,visible_count,expected_count_ok
252726.96754,prelaunch,Fan_1,True,ok,3.453953000193923,2.3873271575528663,0.37303784890291813,3,True
252726.9681728,prelaunch,Fan_2,True,ok,4.7712123546602045,2.42839478076242,0.37583528857722504,3,True
252726.9682268,prelaunch,Fan_3,True,ok,2.2387325095949313,2.197234844995002,0.36801505000354334,3,True
252726.9683838,prelaunch,Fan_4,False,fan_subject_occluded,,,,3,True
