t_host_s,phase,fan_subject,visible,reason,x_w,y_w,z_w,visible_count,expected_count_ok
244507.7048054,prelaunch,Fan_1,True,ok,2.9767729513370917,3.582933160387639,0.3831314299419696,4,True
244507.7053115,prelaunch,Fan_2,True,ok,5.418582033529766,3.6531571852376676,0.37373048095801736,4,True
244507.7054329,prelaunch,Fan_3,True,ok,3.017027875206781,1.1333696215789657,0.3691928280996198,4,True
244507.7054872,prelaunch,Fan_4,True,ok,5.365524928221596,1.158925394531935,0.3633714320838346,4,True
