t_host_s,phase,fan_subject,visible,reason,x_w,y_w,z_w,visible_count,expected_count_ok
246497.7122472,prelaunch,Fan_1,True,ok,2.9769340043079575,3.5827130079655936,0.38306786432028894,4,True
246497.7129669,prelaunch,Fan_2,True,ok,5.422711910917489,3.5780175895452295,0.36953364190456084,4,True
246497.7130317,prelaunch,Fan_3,True,ok,2.9819920547767245,1.0772672307912405,0.3661975716297253,4,True
246497.7130662,prelaunch,Fan_4,True,ok,5.367118986325888,1.1665672022048859,0.36273479361804034,4,True
