t_host_s,phase,fan_subject,visible,reason,x_w,y_w,z_w,visible_count,expected_count_ok
252865.9031138,prelaunch,Fan_1,True,ok,3.453577890410626,2.3870618601039753,0.3729644177031041,3,True
252865.9038197,prelaunch,Fan_2,True,ok,4.7708451319926395,2.4279853844064405,0.376235546464644,3,True
252865.9039077,prelaunch,Fan_3,True,ok,2.2387036088120853,2.1972384350539556,0.3679890628109899,3,True
252865.903935,prelaunch,Fan_4,False,fan_subject_occluded,,,,3,True
