t_host_s,phase,fan_subject,visible,reason,x_w,y_w,z_w,visible_count,expected_count_ok
260432.3603787,prelaunch,Fan_1,True,ok,3.867547230494399,2.0780276453725293,0.36692036164046327,4,True
260432.361,prelaunch,Fan_2,True,ok,4.597920876289092,2.758812018750879,0.3701296963600851,4,True
260432.3610468,prelaunch,Fan_3,True,ok,2.7630003266201895,2.740167313056305,0.3621889321458318,4,True
260432.3610748,prelaunch,Fan_4,True,ok,4.928575774237885,1.8938652263136764,0.36665249395745736,4,True
