t_host_s,phase,fan_subject,visible,reason,x_w,y_w,z_w,visible_count,expected_count_ok
251309.926167,prelaunch,Fan_1,True,ok,3.453361553809269,2.386712819450947,0.37311593824589484,3,True
251309.926709,prelaunch,Fan_2,True,ok,4.766459517434442,2.440861851745774,0.3763594856206874,3,True
251309.9267524,prelaunch,Fan_3,True,ok,2.240529594379777,2.1960414549659557,0.3695015678175509,3,True
251309.9267701,prelaunch,Fan_4,False,fan_subject_occluded,,,,3,True
