t_host_s,phase,fan_subject,visible,reason,x_w,y_w,z_w,visible_count,expected_count_ok
247287.2118032,prelaunch,Fan_1,True,ok,2.976982573935164,3.584121963738764,0.3821358972907446,4,True
247287.2126912,prelaunch,Fan_2,True,ok,5.423322398066317,3.5774357257349614,0.3691305708301983,4,True
247287.2127375,prelaunch,Fan_3,True,ok,2.980915961669763,1.0806885020044252,0.3657607554410632,4,True
247287.2127633,prelaunch,Fan_4,True,ok,5.368022680920185,1.182804829278419,0.36254350697130294,4,True
