t_host_s,phase,fan_subject,visible,reason,x_w,y_w,z_w,visible_count,expected_count_ok
243049.8924899,prelaunch,Fan_1,True,ok,2.976955436351531,3.577895626907318,0.3847233550832675,4,True
243049.8930248,prelaunch,Fan_2,True,ok,5.418469146521666,3.642084831813849,0.37561782895232637,4,True
243049.8930714,prelaunch,Fan_3,True,ok,3.019378719661747,1.1888398910534328,0.3701821494050882,4,True
243049.8931011,prelaunch,Fan_4,True,ok,5.351751332035469,1.1594850523016385,0.3650623718132914,4,True
