t_host_s,phase,fan_subject,visible,reason,x_w,y_w,z_w,visible_count,expected_count_ok
247317.4434159,prelaunch,Fan_1,True,ok,2.9768251706740245,3.582570164451888,0.3828346985634545,4,True
247317.4454413,prelaunch,Fan_2,True,ok,5.423403675008669,3.5773556014323624,0.36907348325277217,4,True
247317.4455204,prelaunch,Fan_3,True,ok,2.980851598144832,1.0805338775058593,0.3648897507677375,4,True
247317.4455643,prelaunch,Fan_4,True,ok,5.368377775808035,1.1814137787793209,0.36242125158824473,4,True
