t_host_s,phase,fan_subject,visible,reason,x_w,y_w,z_w,visible_count,expected_count_ok
252941.2432648,prelaunch,Fan_1,True,ok,3.453591992403883,2.3868377838714836,0.37293413826402844,3,True
252941.2437533,prelaunch,Fan_2,True,ok,4.7709601660824825,2.4280723672329008,0.3757312005231765,3,True
252941.2438,prelaunch,Fan_3,True,ok,2.238003770611337,2.1971866783662075,0.36797876866792134,3,True
252941.2438195,prelaunch,Fan_4,False,fan_subject_occluded,,,,3,True
