t_host_s,phase,fan_subject,visible,reason,x_w,y_w,z_w,visible_count,expected_count_ok
257239.6868373,prelaunch,Fan_1,True,ok,3.8666679886882753,2.0737217541590014,0.370558401356777,4,True
257239.687558,prelaunch,Fan_2,True,ok,4.565214493333141,2.729994881228638,0.36883499105948925,4,True
257239.6876151,prelaunch,Fan_3,True,ok,2.760953701864395,2.726981815376455,0.3687440985238398,4,True
257239.687651,prelaunch,Fan_4,True,ok,4.957793253716008,1.8423009290868846,0.36686074651391787,4,True
