t_host_s,phase,fan_subject,visible,reason,x_w,y_w,z_w,visible_count,expected_count_ok
242096.9774121,prelaunch,Fan_1,True,ok,2.9756159710160457,3.5779705306952465,0.38530502168641934,4,True
242096.9782322,prelaunch,Fan_2,True,ok,5.419669294964286,3.6392809517402647,0.37696252938629254,4,True
242096.9782977,prelaunch,Fan_3,True,ok,3.0122943462808656,1.1912299893278209,0.3718335949666609,4,True
242096.9783434,prelaunch,Fan_4,True,ok,5.353548547757849,1.1669854187668012,0.3670791020478986,4,True
