t_host_s,phase,fan_subject,visible,reason,x_w,y_w,z_w,visible_count,expected_count_ok
257172.6660114,prelaunch,Fan_1,True,ok,3.8667198692761193,2.072979719544591,0.37112314178716277,4,True
257172.6666394,prelaunch,Fan_2,True,ok,4.564193733688051,2.7289057403147154,0.36958771075084973,4,True
257172.6666906,prelaunch,Fan_3,True,ok,2.761240907985408,2.7256762783692654,0.3698607435233975,4,True
257172.6667696,prelaunch,Fan_4,True,ok,4.956848734700345,1.8417354293023598,0.3668178666681169,4,True
