t_host_s,phase,fan_subject,visible,reason,x_w,y_w,z_w,visible_count,expected_count_ok
260525.4416917,prelaunch,Fan_1,True,ok,3.8675182783490643,2.077832700584737,0.36743744591119587,4,True
260525.4438803,prelaunch,Fan_2,True,ok,4.597773125863288,2.7582735777968304,0.37026533002631323,4,True
260525.4442154,prelaunch,Fan_3,True,ok,2.762621993592098,2.74175207208566,0.36195635095733636,4,True
260525.4443,prelaunch,Fan_4,True,ok,4.9285339785935545,1.8935290362705008,0.36681621326444735,4,True
