t_host_s,phase,fan_subject,visible,reason,x_w,y_w,z_w,visible_count,expected_count_ok
257688.3816193,prelaunch,Fan_1,True,ok,3.8669354950183443,2.0741595381207754,0.37064808649055037,4,True
257688.3822082,prelaunch,Fan_2,True,ok,4.56338342294026,2.7268980587521803,0.369634258819625,4,True
257688.3822607,prelaunch,Fan_3,True,ok,2.761707336480706,2.732490744476782,0.36648441301840384,4,True
257688.382294,prelaunch,Fan_4,True,ok,4.957080325503028,1.8429820026048325,0.36595360289457723,4,True
