t_host_s,phase,fan_subject,visible,reason,x_w,y_w,z_w,visible_count,expected_count_ok
250666.2784529,prelaunch,Fan_1,True,ok,3.453613456470201,2.38666275021931,0.3738165729517136,3,True
250666.2802337,prelaunch,Fan_2,True,ok,4.764072324337922,2.442990103490851,0.3768712996777046,3,True
250666.2802982,prelaunch,Fan_3,True,ok,2.2419354768370745,2.1936401519493063,0.3699579856630675,3,True
250666.2803211,prelaunch,Fan_4,False,fan_subject_occluded,,,,3,True
