metric,count,mean_s,median_s,p95_s,p99_s,max_s
dispatch_to_rx_latency_s,940,0.021442914198470518,0.021675620578619714,0.0340997957484479,0.03558367482409921,0.03603538910323323
dispatch_to_apply_latency_s,940,0.0216434907924171,0.021868561816141607,0.034307779091736636,0.03577648761763335,0.03625356770843524
scheduled_to_rx_latency_s,940,0.021687430155917464,0.021875620578619248,0.03433877616774907,0.03580544915200619,0.03625897343441409
scheduled_to_apply_latency_s,940,0.02188800674986404,0.022070859844490087,0.03453620741493317,0.03599701812357808,0.036467976303875105
rx_to_apply_latency_s,940,0.00019673510638297873,0.000195,0.000214,0.00021844000000000006,0.000224
apply_to_output_latency_s,940,0.012272738266621461,0.012217776299394245,0.021788008215570896,0.02309654599469237,0.023622696408729382
dispatch_to_output_latency_s,940,0.03391622905903856,0.03401927261393567,0.051456771756656396,0.05652556721545267,0.05927120727686486
scheduled_to_output_latency_s,940,0.0341607450164855,0.034246146061388316,0.05174909977927057,0.05678172816383182,0.05956420727686407
