metric,count,mean_s,median_s,p95_s,p99_s,max_s
dispatch_to_rx_latency_s,940,0.021442914198746,0.0216756205789466,0.0341293724962455,0.0356049865346861,0.0360353891035032
dispatch_to_apply_latency_s,940,0.0216434907926922,0.0218685618164542,0.0343281801037953,0.0357955359800798,0.0362535677086981
scheduled_to_rx_latency_s,940,0.021687430156193,0.0218756205789461,0.0343526417386499,0.0358541083837167,0.0362589734346841
scheduled_to_apply_latency_s,940,0.0218880067501391,0.0220708598448027,0.0345468614783293,0.0360426187767132,0.0364679763041451
rx_to_apply_latency_s,940,0.000196735106382979,0.000195,0.000214,0.00022,0.000224
apply_to_output_latency_s,940,0.0129328295122627,0.0128778675450292,0.0224575833369602,0.0237684280104975,0.0242827876543714
dispatch_to_output_latency_s,940,0.0345763203049549,0.0346793638598797,0.0521196834365902,0.0572478877998577,0.0599312985227698
scheduled_to_output_latency_s,940,0.0348208362624018,0.0349062373073217,0.0524575549824995,0.0575224734977752,0.060224298522769
