t_host_s,phase,fan_subject,visible,reason,x_w,y_w,z_w,visible_count,expected_count_ok
261177.8755804,prelaunch,Fan_1,True,ok,3.8692475216570763,2.0785385476607177,0.3668555283772007,4,True
261177.8762003,prelaunch,Fan_2,True,ok,4.597851827613764,2.75935686481858,0.3699970816096638,4,True
261177.8762492,prelaunch,Fan_3,True,ok,2.7586035698849987,2.7290991187863023,0.36807466841341085,4,True
261177.8762791,prelaunch,Fan_4,True,ok,4.928401291866339,1.8938773835241212,0.36682996733730544,4,True
