t_host_s,phase,fan_subject,visible,reason,x_w,y_w,z_w,visible_count,expected_count_ok
257099.5477348,prelaunch,Fan_1,True,ok,3.867039989538817,2.0735755504533735,0.37119909429527964,4,True
257099.5482211,prelaunch,Fan_2,True,ok,4.5643857295997785,2.7316278516031547,0.3698264221409855,4,True
257099.5482937,prelaunch,Fan_3,True,ok,2.7614586884142702,2.726232883922172,0.36956169217772117,4,True
257099.5483225,prelaunch,Fan_4,True,ok,4.957838833201169,1.8420866342482731,0.3672913813623412,4,True
