t_host_s,phase,fan_subject,visible,reason,x_w,y_w,z_w,visible_count,expected_count_ok
243253.0669564,prelaunch,Fan_1,True,ok,2.977742516257519,3.5788045664017467,0.3845146063097418,4,True
243253.0676575,prelaunch,Fan_2,True,ok,5.420777677897504,3.642261998250377,0.37606683471956004,4,True
243253.0678229,prelaunch,Fan_3,True,ok,3.019854474718332,1.1880787748104904,0.3692628427961015,4,True
243253.0678664,prelaunch,Fan_4,True,ok,5.356078527719968,1.1577496688466713,0.3645927112311143,4,True
