t_host_s,phase,fan_subject,visible,reason,x_w,y_w,z_w,visible_count,expected_count_ok
246156.971963,prelaunch,Fan_1,True,ok,2.976733024318054,3.582624825530008,0.38307190006431735,4,True
246156.9727316,prelaunch,Fan_2,True,ok,5.4225263865718585,3.576022459873844,0.3700826148561532,4,True
246156.9727896,prelaunch,Fan_3,True,ok,2.9813088129079994,1.0764501265111321,0.36730822520157336,4,True
246156.9728246,prelaunch,Fan_4,True,ok,5.364301742037407,1.1654364200426082,0.3619923096231465,4,True
