t_host_s,phase,fan_subject,visible,reason,x_w,y_w,z_w,visible_count,expected_count_ok
250554.2042993,prelaunch,Fan_1,True,ok,3.453575468603138,2.3861363475915747,0.37344150596819453,3,True
250554.2050419,prelaunch,Fan_2,True,ok,4.763763935665191,2.4426564796025185,0.3766904953097589,3,True
250554.2051001,prelaunch,Fan_3,True,ok,2.241181762728377,2.1930651917718906,0.3697054967350475,3,True
250554.2051618,prelaunch,Fan_4,False,fan_subject_occluded,,,,3,True
