t_host_s,phase,fan_subject,visible,reason,x_w,y_w,z_w,visible_count,expected_count_ok
242047.9172965,prelaunch,Fan_1,True,ok,2.9753844860057383,3.5781167391693653,0.38510497797327964,4,True
242047.9177986,prelaunch,Fan_2,True,ok,5.419505332313603,3.6398122138301887,0.37691160961949294,4,True
242047.9178408,prelaunch,Fan_3,True,ok,3.0111141248152937,1.1911567987891072,0.3718795814085449,4,True
242047.9178669,prelaunch,Fan_4,True,ok,5.35261281673181,1.168349009629615,0.3689548461169018,4,True
