{
  "current_position_offset_m": [
    3.9,
    2.2,
    1.95
  ],
  "current_transform_error_m": [
    -0.22205998872622557,
    -0.12120642968620388,
    1.8096008742763983
  ],
  "current_transformed_mean_m": [
    0.9779400112737744,
    1.4787935703137962,
    2.009600874276398
  ],
  "current_yaw_alignment_deg": 0.0,
  "invalid_reasons": {
    "vicon_subject_occluded": 1
  },
  "known_arena_point_m": [
    1.2,
    1.6,
    0.2
  ],
  "raw_vicon_mean_m": [
    -2.922059988726226,
    -0.7212064296862036,
    0.0596008742763989
  ],
  "raw_vicon_std_m": [
    0.0003398549232696999,
    0.0006541931842607609,
    0.0007038970208216573
  ],
  "recommended_position_offset_m": [
    4.122059988726226,
    2.3212064296862036,
    0.1403991257236011
  ],
  "run_root": "C:/Users/GH-X-ST/OneDrive - Imperial College London/Year 4/Final Year Project/01 - Github/Nausicaa/04_Flight_Test/05_Results/vicon_frame_calibration/20260601_202811",
  "status": "ok",
  "valid_sample_count": 150
}