t_host_s,phase,fan_subject,visible,reason,x_w,y_w,z_w,visible_count,expected_count_ok
257655.2801523,prelaunch,Fan_1,True,ok,3.867079761556603,2.0736925311672776,0.36993131497644993,4,True
257655.2821976,prelaunch,Fan_2,True,ok,4.563636018206822,2.726317720749866,0.3683513883643821,4,True
257655.2822575,prelaunch,Fan_3,True,ok,2.761717133704871,2.7313443329272347,0.36664544086320516,4,True
257655.2824303,prelaunch,Fan_4,True,ok,4.95743635674333,1.8425798930443844,0.3659967303060476,4,True
