t_host_s,phase,fan_subject,visible,reason,x_w,y_w,z_w,visible_count,expected_count_ok
250829.6558846,prelaunch,Fan_1,True,ok,3.4533502285480457,2.3864332254164657,0.3734594892771662,3,True
250829.6568468,prelaunch,Fan_2,True,ok,4.764290462858134,2.4423807356925313,0.3769613717667153,3,True
250829.6569039,prelaunch,Fan_3,True,ok,2.2420011992610744,2.19602643173969,0.3695082183349687,3,True
250829.6569264,prelaunch,Fan_4,False,fan_subject_occluded,,,,3,True
