t_host_s,phase,fan_subject,visible,reason,x_w,y_w,z_w,visible_count,expected_count_ok
250766.025461,prelaunch,Fan_1,True,ok,3.453425081147469,2.3863862431770664,0.3733790328898861,3,True
250766.0263501,prelaunch,Fan_2,True,ok,4.764520897962884,2.4423287829573668,0.37709288679298353,3,True
250766.0264055,prelaunch,Fan_3,True,ok,2.2419340152967067,2.196055041785095,0.3698411358339824,3,True
250766.0264275,prelaunch,Fan_4,False,fan_subject_occluded,,,,3,True
