split,stage_fit_group,count,alpha_min_deg,alpha_max_deg,cm_residual_mean,cm_residual_mae,cm_fit_residual_mae,cd_residual_mean,cl_residual_mean,cy_residual_mean,cl_roll_residual_mean,cn_yaw_residual_mean,q_hat_mean
train,attached,3421,-85.03312318,11.99987755,-0.01894331056,0.06069089496,0.0573945261,-0.035293096,-0.03162280372,0.006380488881,0.01278787311,-0.005663013505,0.004243125368
train,transition_before_post_stall,8183,12.00094747,19.9953895,-0.04311210131,0.04950252221,0.03839367927,0.02104791298,0.01245960564,-0.101789076,-0.008342409791,-0.003190639326,-0.01118282006
train,transition_after_post_stall,1224,12.00727923,19.9992754,-0.01016826316,0.04019740695,0.04097333439,0.0103777083,-0.1184023146,-0.2386610472,-0.001027953142,-0.002045349863,-0.02566308127
train,post_stall,1772,20.00142096,32.00205034,0.0003526098735,0.04201180569,0.04171442776,0.04981567904,-0.04767943492,-0.4120293648,-0.02507468316,-0.005626254267,-0.02328630634
heldout,attached,618,3.31718229,11.99283852,-0.03539676992,0.0667240544,0.06099119965,-0.02417034107,-0.06955601458,-0.1148740773,0.009264410217,-0.003791484111,0.001077965928
heldout,transition_before_post_stall,1380,12.00355162,19.99791095,-0.04870934262,0.05313325363,0.04017173007,0.03150192545,0.04835472245,-0.1938807707,-0.01132093237,-0.003229649087,-0.01051510162
heldout,transition_after_post_stall,250,12.00198625,19.97895433,-0.00495545163,0.0244395901,0.02759921338,0.01344693321,-0.1435413656,0.0148286163,-0.0008408815007,-0.005204278431,-0.02740684044
heldout,post_stall,164,20.00160703,25.5721586,-0.007718836561,0.0365216033,0.03749473598,0.0005213943403,-0.139008195,0.322292502,0.003121621908,-0.01757844239,-0.02733058478
