t_host_s,phase,fan_subject,visible,reason,x_w,y_w,z_w,visible_count,expected_count_ok
257493.9331524,prelaunch,Fan_1,True,ok,3.866838469505409,2.0737948801965227,0.370003229021293,4,True
257493.9337695,prelaunch,Fan_2,True,ok,4.56407433081582,2.7275725444409984,0.36811748652002774,4,True
257493.9338227,prelaunch,Fan_3,True,ok,2.7612808240489124,2.729649155921305,0.36692118815042885,4,True
257493.9338529,prelaunch,Fan_4,True,ok,4.957385752031927,1.842551527998695,0.36566657575955575,4,True
