t_host_s,phase,fan_subject,visible,reason,x_w,y_w,z_w,visible_count,expected_count_ok
250193.4360793,prelaunch,Fan_1,True,ok,3.453672348399568,2.386042864256052,0.3738573590690748,3,True
250193.436747,prelaunch,Fan_2,True,ok,4.763031828960976,2.4449948819314273,0.37733213979320734,3,True
250193.4367952,prelaunch,Fan_3,True,ok,2.240346621639895,2.192891996133893,0.36995638954447585,3,True
250193.4368175,prelaunch,Fan_4,False,fan_subject_occluded,,,,3,True
