t_host_s,phase,fan_subject,visible,reason,x_w,y_w,z_w,visible_count,expected_count_ok
250897.3355055,prelaunch,Fan_1,True,ok,3.453406237654391,2.386339042786629,0.37329300065213483,3,True
250897.336007,prelaunch,Fan_2,True,ok,4.764402725682424,2.4425410225015143,0.3769058134632941,3,True
250897.3360546,prelaunch,Fan_3,True,ok,2.241295653681858,2.1958478607446232,0.369628232050951,3,True
250897.3360744,prelaunch,Fan_4,False,fan_subject_occluded,,,,3,True
