t_host_s,phase,fan_subject,visible,reason,x_w,y_w,z_w,visible_count,expected_count_ok
246629.3717971,prelaunch,Fan_1,True,ok,2.977117994971283,3.5826454759303354,0.3832471117842455,4,True
246629.3737637,prelaunch,Fan_2,True,ok,5.423506994525941,3.5773949987183107,0.36938610280214534,4,True
246629.3738132,prelaunch,Fan_3,True,ok,2.982374841784509,1.0833435963761886,0.3650364470701774,4,True
246629.3738402,prelaunch,Fan_4,True,ok,5.358925897362348,1.1717312661401398,0.36241988966277955,4,True
