t_host_s,phase,fan_subject,visible,reason,x_w,y_w,z_w,visible_count,expected_count_ok
250864.907544,prelaunch,Fan_1,True,ok,3.4534111651819166,2.386393832949514,0.37329041775377403,3,True
250864.9093217,prelaunch,Fan_2,True,ok,4.764510774410793,2.442261944993926,0.37659492808784456,3,True
250864.909376,prelaunch,Fan_3,True,ok,2.241636911586885,2.1959578706132223,0.36956066056202813,3,True
250864.9093943,prelaunch,Fan_4,False,fan_subject_occluded,,,,3,True
