SurfaceName,IsActive,BoardCommitToReferenceCount,BoardCommitToReferenceMedian_s,BoardCommitToReferenceP95_s,ReferenceToTrainerCount,ReferenceToTrainerMedian_s,ReferenceToTrainerP95_s,TrainerToReceiverCount,TrainerToReceiverMedian_s,TrainerToReceiverP95_s
Aileron_L,1,3914,0.00018417434942819,0.00907979754216988,3914,7.50000001659146e-07,0.0200010000000006,3883,0.00823199999999957,0.00866092500000004
Aileron_R,1,3914,0.00018417434942819,0.00907979754216988,3914,0.00149125000000083,0.0215028375000019,3883,0.00674200000000269,0.00717094999999963
Rudder,1,3914,0.00018417434942819,0.00907979754216988,3914,0.00298899999999946,0.0229890000000026,3883,0.00524399999999758,0.00567297499999979
Elevator,1,3914,0.00018417434942819,0.00907979754216988,3914,0.00447724999999366,0.0244830875000009,3883,0.00376800000000088,0.00418497499999972
