SurfaceName,TransitionCount,TrainerMatchedCount,ReceiverMatchedCount,TrainerMissCount,ReceiverMissCount,CommitToTrainerCount,CommitToTrainerMean_s,CommitToTrainerMedian_s,CommitToTrainerP95_s,CommitToTrainerP99_s,CommitToTrainerMax_s,CommitToReceiverCount,CommitToReceiverMean_s,CommitToReceiverMedian_s,CommitToReceiverP95_s,CommitToReceiverP99_s,CommitToReceiverMax_s,DispatchToReceiverCount,DispatchToReceiverMean_s,DispatchToReceiverMedian_s,DispatchToReceiverP95_s,DispatchToReceiverP99_s,DispatchToReceiverMax_s,ScheduledToReceiverCount,ScheduledToReceiverMean_s,ScheduledToReceiverMedian_s,ScheduledToReceiverP95_s,ScheduledToReceiverP99_s,ScheduledToReceiverMax_s
Aileron_L,320,320,320,0,0,320,0.019962909820796855,0.01996042814392851,0.02004740524460704,0.020061174737039097,0.020067863953400433,320,0.013714046845467754,0.008310414876010697,0.04826669843886613,0.04839400842981927,0.04844038227023084,320,0.026237337470467487,0.02086619545779822,0.060789321933242844,0.06096911511943141,0.06102817511568226,320,0.02653074059546783,0.021066093540138553,0.06102069843886717,0.06114800842981964,0.06119438227023011
Aileron_R,320,320,320,0,0,320,0.0014563652895468737,0.001448267147175386,0.0015498002611014528,0.00158636568440377,0.0016120082396415825,320,0.01646401715796777,0.008338005109003177,0.04827578866512176,0.04840821482298789,0.04843633524206048,320,0.028987307782967504,0.02090021846776402,0.06082104426338395,0.0609767529864957,0.06106653677139917,320,0.029280710907967845,0.021092005109002443,0.061029788665122806,0.06116221482298893,0.061190335242059746
Rudder,138,138,138,0,0,138,0.002954224699234965,0.0029445450915979166,0.0030354781785649544,0.0030490854293908853,0.003054863953408926,138,0.013923550709991697,0.008307701662001676,0.04820456516003517,0.048436645607024126,0.04844502046976196,138,0.02635276810129575,0.020840111573765085,0.060795315160031296,0.060979037519896175,0.06100502046976075,138,0.026677702883904742,0.02106170166200272,0.06095856516003515,0.06119064560702339,0.06119902046976122
Elevator,175,175,175,0,0,175,0.0044449848227658805,0.00445316392051609,0.004523788931961726,0.004541684898591143,0.004543113953403122,175,0.015934912605809412,0.00834780062231033,0.04818283510433048,0.04837437715364132,0.04844161755583265,175,0.028416426891523502,0.020917088561287045,0.06076496851469315,0.06092316081227651,0.060959494360201205,175,0.02868904974866663,0.021101800622311373,0.060936835104331524,0.06112837715364236,0.061195617555831916
