metric,count,mean_s,median_s,p95_s,p99_s,max_s
commit_to_trainer_latency_s,953,0.008436226010271193,0.0043825166198345755,0.020010826231279567,0.020052767150021963,0.020067863953400433
commit_to_receiver_latency_s,953,0.015075593058861352,0.008328111067140043,0.048231710578998846,0.048411865721625987,0.04844502046976196
dispatch_to_receiver_latency_s,953,0.027577589910907266,0.020881975318332024,0.06079299623994814,0.06097643901130553,0.06106653677139917
scheduled_to_receiver_latency_s,953,0.027871743111327313,0.02108250518137922,0.060992564387372286,0.061165865721626175,0.06119902046976122
