t_host_s,phase,fan_subject,visible,reason,x_w,y_w,z_w,visible_count,expected_count_ok
250330.7763649,prelaunch,Fan_1,True,ok,3.45376535974347,2.3867810172785933,0.37421617162467546,3,True
250330.7772823,prelaunch,Fan_2,True,ok,4.763443145439819,2.445274136912306,0.37696243283140013,3,True
250330.7773716,prelaunch,Fan_3,True,ok,2.24025064398234,2.1932966750842304,0.3701864093737954,3,True
250330.7774021,prelaunch,Fan_4,False,fan_subject_occluded,,,,3,True
