t_host_s,phase,fan_subject,visible,reason,x_w,y_w,z_w,visible_count,expected_count_ok
257254.2413173,prelaunch,Fan_1,True,ok,3.867025869574388,2.0734016727161064,0.3705441464695064,4,True
257254.2422061,prelaunch,Fan_2,True,ok,4.565024900656028,2.729623238436827,0.3689278287086447,4,True
257254.2422591,prelaunch,Fan_3,True,ok,2.7610862594215577,2.7268466359246,0.3685672847847269,4,True
257254.2422922,prelaunch,Fan_4,True,ok,4.957591985362848,1.8421418527914168,0.3668997142369198,4,True
