t_host_s,phase,fan_subject,visible,reason,x_w,y_w,z_w,visible_count,expected_count_ok
247490.4012297,prelaunch,Fan_1,True,ok,2.977333603135047,3.58302758357702,0.3828971381551212,4,True
247490.4029335,prelaunch,Fan_2,True,ok,5.423400073414175,3.577176057186609,0.3688647749255017,4,True
247490.4029811,prelaunch,Fan_3,True,ok,2.9810370912150512,1.0784805304468554,0.36513238322076375,4,True
247490.4030953,prelaunch,Fan_4,True,ok,5.368999034679544,1.179690910193552,0.3625025926681018,4,True
