t_host_s,phase,fan_subject,visible,reason,x_w,y_w,z_w,visible_count,expected_count_ok
258588.064849,prelaunch,Fan_1,True,ok,3.866995434470441,2.0772768479422417,0.3685652113861262,4,True
258588.0655721,prelaunch,Fan_2,True,ok,4.560092518918346,2.72167422615454,0.3685883292849541,4,True
258588.065659,prelaunch,Fan_3,True,ok,2.761735314442084,2.729220840941675,0.3678849962945926,4,True
258588.0657481,prelaunch,Fan_4,True,ok,4.956308530955845,1.8432514855927877,0.36501902539641284,4,True
