t_host_s,phase,fan_subject,visible,reason,x_w,y_w,z_w,visible_count,expected_count_ok
261102.1374447,prelaunch,Fan_1,True,ok,3.869020004812818,2.078529620857002,0.36648777550246825,4,True
261102.1381058,prelaunch,Fan_2,True,ok,4.5981033383615735,2.759657525348039,0.369814744777207,4,True
261102.1381563,prelaunch,Fan_3,True,ok,2.758572374401532,2.7279317861629253,0.3687193896082751,4,True
261102.1381854,prelaunch,Fan_4,True,ok,4.9286369953818845,1.894018240452466,0.366853756980829,4,True
