{
  "current_position_offset_m": [
    3.9,
    2.2,
    1.95
  ],
  "current_transform_error_m": [
    -0.1993149926940616,
    -0.10405264913381584,
    1.8094116016831425
  ],
  "current_transformed_mean_m": [
    1.0006850073059383,
    1.4959473508661842,
    2.0094116016831425
  ],
  "current_yaw_alignment_deg": 0.0,
  "invalid_reasons": {
    "vicon_subject_occluded": 1
  },
  "known_arena_point_m": [
    1.2,
    1.6,
    0.2
  ],
  "raw_vicon_mean_m": [
    -2.8993149926940607,
    -0.7040526491338166,
    0.05941160168314383
  ],
  "raw_vicon_std_m": [
    0.0011407630932712823,
    0.0008314227103258527,
    0.0019446606542267827
  ],
  "recommended_position_offset_m": [
    4.099314992694061,
    2.3040526491338165,
    0.14058839831685618
  ],
  "run_root": "C:/Users/GH-X-ST/OneDrive - Imperial College London/Year 4/Final Year Project/01 - Github/Nausicaa/04_Flight_Test/05_Results/vicon_frame_calibration/20260601_192045",
  "status": "ok",
  "valid_sample_count": 150
}