t_host_s,phase,fan_subject,visible,reason,x_w,y_w,z_w,visible_count,expected_count_ok
257635.2485829,prelaunch,Fan_1,True,ok,3.8665931700001486,2.0732237618177005,0.37031709822954717,4,True
257635.2492151,prelaunch,Fan_2,True,ok,4.56353118240058,2.726588320743248,0.36890486742171025,4,True
257635.2492658,prelaunch,Fan_3,True,ok,2.761515115281628,2.731020870597061,0.36679767040459343,4,True
257635.2492959,prelaunch,Fan_4,True,ok,4.957237606339673,1.8424225925473408,0.3665466291667774,4,True
