t_host_s,phase,fan_subject,visible,reason,x_w,y_w,z_w,visible_count,expected_count_ok
242020.1714697,prelaunch,Fan_1,True,ok,2.9755182805678597,3.5781704148865874,0.3852573066666133,4,True
242020.17207,prelaunch,Fan_2,True,ok,5.419693320355534,3.639777476027426,0.37690657825922647,4,True
242020.172124,prelaunch,Fan_3,True,ok,3.0111405565206395,1.1922107810549274,0.37192810896954626,4,True
242020.1735729,prelaunch,Fan_4,True,ok,5.354748169649928,1.1669619977729924,0.3674565336604511,4,True
