{
  "fit_id": "n30_cmq_wide_diagnostic_v1",
  "policy": "targeted longitudinal diagnostic only; lateral and coupling terms held at zero",
  "loaded_throw_count": 105,
  "valid_throw_count": 74,
  "filtered_throw_count": 31,
  "heldout_count": 11,
  "heldout_seed": 606,
  "alignment_window_s": 0.1,
  "replay_dt_s": 0.005,
  "workers": 8,
  "tested_cmq": [
    -4.0,
    -2.0,
    0.0,
    2.0,
    3.0,
    4.0,
    5.0,
    6.0,
    7.0,
    8.0
  ],
  "tested_blend_pairs_deg": [
    [
      10.0,
      20.0
    ],
    [
      10.0,
      22.0
    ],
    [
      12.0,
      20.0
    ],
    [
      12.0,
      22.0
    ],
    [
      12.0,
      24.0
    ],
    [
      14.0,
      22.0
    ],
    [
      14.0,
      24.0
    ],
    [
      16.0,
      24.0
    ]
  ],
  "longitudinal_seed": {
    "attached_pitch_moment_bias_coeff": 0.11309832420327923,
    "transition_pitch_moment_bias_coeff": 0.05711558897899738,
    "post_stall_pitch_moment_coeff": 0.07585874586245771
  },
  "best_heldout_longitudinal": {
    "candidate_id": "cmq4_blend10_22",
    "split": "heldout",
    "cmq": 4.0,
    "blend_start_deg": 10.0,
    "blend_full_deg": 22.0,
    "count": 11,
    "longitudinal_objective": 8.444788637241414,
    "combined_objective": 23.11215961664384,
    "dx_mae_m": 0.3947246648678153,
    "dy_mae_m": 1.5557283985616763,
    "altitude_loss_mae_m": 0.1736784070488757,
    "sink_mae_m_s": 0.15534940513998263,
    "roll_mae_deg": 22.811612497590843,
    "pitch_mae_deg": 4.259110554236403,
    "yaw_mae_deg": 26.9206982821153,
    "dx_mean_m": 0.17717369000476665,
    "dy_mean_m": -1.5557283985616763,
    "altitude_loss_mean_m": -0.1315799392331056,
    "sink_mean_m_s": -0.11868155134053668,
    "roll_mean_deg": -22.47722487151572,
    "pitch_mean_deg": -1.9430104467776863,
    "yaw_mean_deg": -26.9206982821153
  },
  "best_heldout_combined": {
    "candidate_id": "cmq4_blend10_22",
    "split": "heldout",
    "cmq": 4.0,
    "blend_start_deg": 10.0,
    "blend_full_deg": 22.0,
    "count": 11,
    "longitudinal_objective": 8.444788637241414,
    "combined_objective": 23.11215961664384,
    "dx_mae_m": 0.3947246648678153,
    "dy_mae_m": 1.5557283985616763,
    "altitude_loss_mae_m": 0.1736784070488757,
    "sink_mae_m_s": 0.15534940513998263,
    "roll_mae_deg": 22.811612497590843,
    "pitch_mae_deg": 4.259110554236403,
    "yaw_mae_deg": 26.9206982821153,
    "dx_mean_m": 0.17717369000476665,
    "dy_mean_m": -1.5557283985616763,
    "altitude_loss_mean_m": -0.1315799392331056,
    "sink_mean_m_s": -0.11868155134053668,
    "roll_mean_deg": -22.47722487151572,
    "pitch_mean_deg": -1.9430104467776863,
    "yaw_mean_deg": -26.9206982821153
  }
}