metric,count,mean_s,median_s,p95_s,p99_s,max_s
commit_to_trainer_latency_s,480,0.002231220923399594,0.0020899174822073263,0.005209597369899299,0.005210884490517245,0.0052110176314954515
commit_to_receiver_latency_s,480,0.024156901902407987,0.02414845785832398,0.03422682367870866,0.03669779616391483,0.03799938561815708
dispatch_to_receiver_latency_s,480,0.04298298681106987,0.03971226791896498,0.05973591897127761,0.05980521941256711,0.05982228703965653
scheduled_to_receiver_latency_s,480,0.04315318681106986,0.0398430525634943,0.05985412684249525,0.0599228158646099,0.059931329722420656
