policy_id,primitive_execution_count,continuation_agreement_rate,terminal_agreement_rate,hard_failure_agreement_rate,mean_energy_residual_actual_m,mean_lift_dwell_actual_s
context_only_without_memory,92,0.8043478260869565,0.9239130434782609,0.33695652173913043,-0.3374296396246745,0.22065217391304354
context_plus_memory_lambda_0_5,92,0.8043478260869565,0.9239130434782609,0.33695652173913043,-0.3374296396246745,0.22065217391304354
context_plus_memory_lambda_0_8,92,0.8043478260869565,0.9239130434782609,0.33695652173913043,-0.3374296396246745,0.22065217391304354
context_plus_memory_lambda_0_95,92,0.8043478260869565,0.9239130434782609,0.33695652173913043,-0.3374296396246745,0.22065217391304354
no_memory_baseline,92,0.8043478260869565,0.9239130434782609,0.33695652173913043,-0.3374296396246745,0.22065217391304354
static_map_baseline,92,0.8043478260869565,0.9239130434782609,0.33695652173913043,-0.3374296396246745,0.22065217391304354
