t_host_s,phase,fan_subject,visible,reason,x_w,y_w,z_w,visible_count,expected_count_ok
245951.8327196,prelaunch,Fan_1,True,ok,2.9765743526856987,3.5826466048478425,0.3829723480869239,4,True
245951.8333524,prelaunch,Fan_2,True,ok,5.423740541077739,3.5735423266980857,0.3704274798257159,4,True
245951.8334041,prelaunch,Fan_3,True,ok,2.980489736247363,1.0774639240911168,0.36774069141551674,4,True
245951.8334973,prelaunch,Fan_4,True,ok,5.362619674618321,1.1652030228126673,0.36282683214611755,4,True
