t_host_s,phase,fan_subject,visible,reason,x_w,y_w,z_w,visible_count,expected_count_ok
243638.2816426,prelaunch,Fan_1,True,ok,2.9773363415357417,3.5820506601920235,0.3838019733732214,4,True
243638.2837354,prelaunch,Fan_2,True,ok,5.41878630501145,3.6505991072812667,0.37408681966472696,4,True
243638.2838183,prelaunch,Fan_3,True,ok,3.0206222596196897,1.1898242539173216,0.36994513834046344,4,True
243638.2838606,prelaunch,Fan_4,True,ok,5.361388321077144,1.1533523368392526,0.3644359535806826,4,True
