t_host_s,phase,fan_subject,visible,reason,x_w,y_w,z_w,visible_count,expected_count_ok
245922.5545105,prelaunch,Fan_1,True,ok,2.9770917258089153,3.5830416227728765,0.3829162929721011,4,True
245922.5551845,prelaunch,Fan_2,True,ok,5.423253063293472,3.5750512321367207,0.36993062435201024,4,True
245922.5552553,prelaunch,Fan_3,True,ok,2.980583952378093,1.0778209798776734,0.3678202378009818,4,True
245922.5554712,prelaunch,Fan_4,True,ok,5.362602836555595,1.1661691457551062,0.36293477325382134,4,True
