t_host_s,phase,fan_subject,visible,reason,x_w,y_w,z_w,visible_count,expected_count_ok
243601.6669803,prelaunch,Fan_1,True,ok,2.977053325340891,3.5822099798649347,0.3835801438585276,4,True
243601.6681421,prelaunch,Fan_2,True,ok,5.419100922374826,3.6501005618720352,0.3745949051692835,4,True
243601.6682049,prelaunch,Fan_3,True,ok,3.020637030485063,1.1900140412451499,0.36996134950524556,4,True
243601.6682433,prelaunch,Fan_4,True,ok,5.361914680998418,1.1537447698247416,0.36433746223440167,4,True
