t_host_s,phase,fan_subject,visible,reason,x_w,y_w,z_w,visible_count,expected_count_ok
252253.8469319,prelaunch,Fan_1,True,ok,3.4535243879469384,2.3868389987992638,0.3728928865537407,3,True
252253.8475598,prelaunch,Fan_2,True,ok,4.771200664639864,2.4283271238576556,0.37563178719469453,3,True
252253.84761,prelaunch,Fan_3,True,ok,2.2405032099926863,2.197369086606559,0.368454807435035,3,True
252253.8476328,prelaunch,Fan_4,False,fan_subject_occluded,,,,3,True
