t_host_s,phase,fan_subject,visible,reason,x_w,y_w,z_w,visible_count,expected_count_ok
257843.1359124,prelaunch,Fan_1,True,ok,3.8670947943355354,2.073744861650508,0.3700465940115605,4,True
257843.136457,prelaunch,Fan_2,True,ok,4.563468660628066,2.726907148849725,0.3681337795863764,4,True
257843.1365632,prelaunch,Fan_3,True,ok,2.7631615098031164,2.7433831259089976,0.3614219655602128,4,True
257843.1365938,prelaunch,Fan_4,True,ok,4.957100188224715,1.842577183810795,0.36584684793534017,4,True
