t_host_s,phase,fan_subject,visible,reason,x_w,y_w,z_w,visible_count,expected_count_ok
258757.1257291,prelaunch,Fan_1,True,ok,3.86679658125852,2.076794713946163,0.36806341315385804,4,True
258757.1268781,prelaunch,Fan_2,True,ok,4.560037665061337,2.7215503103001635,0.3680427167867233,4,True
258757.1269857,prelaunch,Fan_3,True,ok,2.761731261999908,2.730281796690904,0.36687398528137505,4,True
258757.1270561,prelaunch,Fan_4,True,ok,4.956541039745891,1.8427972198195142,0.36511623680277905,4,True
