t_host_s,phase,fan_subject,visible,reason,x_w,y_w,z_w,visible_count,expected_count_ok
252343.4001263,prelaunch,Fan_1,True,ok,3.4536911244491195,2.3868877876936314,0.37297488157530295,3,True
252343.4007384,prelaunch,Fan_2,True,ok,4.770942512963713,2.4282507254705332,0.3762076969113556,3,True
252343.4008016,prelaunch,Fan_3,True,ok,2.2400891687436184,2.197058582404864,0.36842980238762035,3,True
252343.4008259,prelaunch,Fan_4,False,fan_subject_occluded,,,,3,True
