t_host_s,phase,fan_subject,visible,reason,x_w,y_w,z_w,visible_count,expected_count_ok
260679.0905666,prelaunch,Fan_1,True,ok,3.8689667100759495,2.077521612059495,0.3669759769879902,4,True
260679.0911826,prelaunch,Fan_2,True,ok,4.597427726728193,2.7576916669598006,0.3705298577443369,4,True
260679.0912312,prelaunch,Fan_3,True,ok,2.7627061867036913,2.7459058374566236,0.35991351657581305,4,True
260679.0912602,prelaunch,Fan_4,True,ok,4.928312007283322,1.8932504222996203,0.3669626522225292,4,True
