split,regime,count,alpha_min_deg,alpha_max_deg,cm_residual_mean,cm_residual_mae,cm_fit_residual_mae,cd_residual_mean,cl_residual_mean,cy_residual_mean,cl_roll_residual_mean,cn_yaw_residual_mean,q_hat_mean
train,attached,252,3.384302802,11.99522463,0.07195597323,0.08443683188,0.05767082663,-0.02740192003,-0.09010311993,-0.1996261232,0.0134198379,-0.004440471186,-0.001266110223
train,transition,692,12.0205735,19.98878417,0.03288962032,0.04434417216,0.04041386643,0.0375099559,0.0348304984,-0.1279647129,-0.01111968207,0.00734265738,-0.01196674476
train,post_stall,112,20.02190411,26.04394686,-0.003424203204,0.03668530954,0.03150321035,0.03557959468,-0.08706215444,-0.3071505689,-0.05271728177,0.01285638894,-0.02256867888
heldout,attached,44,8.011635404,11.97166436,0.07369917074,0.07470885426,0.02994240612,0.025476562,-0.06137088386,-0.2606349304,0.01141078993,-0.006925339648,0.007836364555
heldout,transition,344,12.16334728,19.6197788,0.03256392036,0.04260100207,0.04292821542,0.02740190742,-0.01787672606,-0.01823536569,-0.007852601722,-0.0003410333314,-0.01347787951
heldout,post_stall,0,,,,,,,,,,,
