t_host_s,phase,fan_subject,visible,reason,x_w,y_w,z_w,visible_count,expected_count_ok
246328.0408807,prelaunch,Fan_1,True,ok,2.9769753287135647,3.5824990616199885,0.3832486685884121,4,True
246328.041604,prelaunch,Fan_2,True,ok,5.4229788280833,3.5758407902506475,0.3707285816558104,4,True
246328.0416492,prelaunch,Fan_3,True,ok,2.979900898985621,1.0750906427457485,0.3665805712118816,4,True
246328.0416761,prelaunch,Fan_4,True,ok,5.366025227974103,1.1701789687392061,0.3631470819663807,4,True
