t_host_s,phase,fan_subject,visible,reason,x_w,y_w,z_w,visible_count,expected_count_ok
251482.920934,prelaunch,Fan_1,True,ok,3.4532466155321577,2.3862487385946505,0.3734993425391384,3,True
251482.9227476,prelaunch,Fan_2,True,ok,4.769035837006124,2.432663319647234,0.3764696349587735,3,True
251482.9227942,prelaunch,Fan_3,True,ok,2.2401017665874923,2.195531729330688,0.3698925869460575,3,True
251482.922815,prelaunch,Fan_4,False,fan_subject_occluded,,,,3,True
