t_host_s,phase,fan_subject,visible,reason,x_w,y_w,z_w,visible_count,expected_count_ok
250614.9726214,prelaunch,Fan_1,True,ok,3.4533983724279693,2.386324841085632,0.3734089075885546,3,True
250614.9731824,prelaunch,Fan_2,True,ok,4.763801451574476,2.442783904659309,0.37631564850535937,3,True
250614.9732415,prelaunch,Fan_3,True,ok,2.241945809355002,2.193323919281444,0.36985587007601,3,True
250614.9732657,prelaunch,Fan_4,False,fan_subject_occluded,,,,3,True
