t_host_s,phase,fan_subject,visible,reason,x_w,y_w,z_w,visible_count,expected_count_ok
260715.4955759,prelaunch,Fan_1,True,ok,3.869393609749574,2.078408431287809,0.36662052449910243,4,True
260715.49622,prelaunch,Fan_2,True,ok,4.597659837352952,2.7587820134080134,0.37049368053479337,4,True
260715.4963396,prelaunch,Fan_3,True,ok,2.7630072776009067,2.747199760808142,0.35921837069127205,4,True
260715.4964588,prelaunch,Fan_4,True,ok,4.928214063099049,1.8937538109624654,0.36661907896227386,4,True
