t_host_s,phase,fan_subject,visible,reason,x_w,y_w,z_w,visible_count,expected_count_ok
251141.5790181,prelaunch,Fan_1,True,ok,3.453148805642342,2.386240336010522,0.3732854899642886,3,True
251141.5798462,prelaunch,Fan_2,True,ok,4.7644703183429655,2.4417733826404326,0.37644465712962244,3,True
251141.5799015,prelaunch,Fan_3,True,ok,2.2410945889378318,2.1958745282865126,0.3697674934396315,3,True
251141.5799236,prelaunch,Fan_4,False,fan_subject_occluded,,,,3,True
