t_host_s,phase,fan_subject,visible,reason,x_w,y_w,z_w,visible_count,expected_count_ok
258134.9113418,prelaunch,Fan_1,True,ok,3.8662870025680607,2.074552167408368,0.36975716149208615,4,True
258134.9119688,prelaunch,Fan_2,True,ok,4.560049720392277,2.7196077348450487,0.37004500216134484,4,True
258134.9120481,prelaunch,Fan_3,True,ok,2.7615066991367434,2.7273029491176706,0.3682548272209385,4,True
258134.9121259,prelaunch,Fan_4,True,ok,4.956664752721052,1.8425936444807132,0.3658763672365345,4,True
