t_host_s,phase,fan_subject,visible,reason,x_w,y_w,z_w,visible_count,expected_count_ok
258816.4692961,prelaunch,Fan_1,True,ok,3.8666614001405666,2.076706434033375,0.36812783850391884,4,True
258816.4700865,prelaunch,Fan_2,True,ok,4.560123442087101,2.7222019464380134,0.3679707113920797,4,True
258816.470199,prelaunch,Fan_3,True,ok,2.761748163319221,2.730779480765215,0.36665334120675197,4,True
258816.4702682,prelaunch,Fan_4,True,ok,4.956252739878659,1.8426824460456592,0.3648691272750211,4,True
