t_host_s,phase,fan_subject,visible,reason,x_w,y_w,z_w,visible_count,expected_count_ok
257024.248543,prelaunch,Fan_1,True,ok,3.8666369686544555,2.0734920126417657,0.371415233472989,4,True
257024.2493489,prelaunch,Fan_2,True,ok,4.564014758191872,2.728340750125698,0.37033262267696965,4,True
257024.2494394,prelaunch,Fan_3,True,ok,2.7612463130828013,2.7252925203612057,0.3695206126495888,4,True
257024.2494735,prelaunch,Fan_4,True,ok,4.957499067879244,1.8416840837707529,0.36746927420794795,4,True
