{
  "active_profile_attitude_update_requested": false,
  "active_profile_position_update_requested": true,
  "active_profile_update": {
    "attitude_calibration_path": "C:/Users/GH-X-ST/OneDrive - Imperial College London/Year 4/Final Year Project/01 - Github/Nausicaa/04_Flight_Test/01_Runtime/calibration_data/active_vicon_attitude_calibration.json",
    "body_rate_limit_rad_s": 6.0,
    "body_rate_observer_window_frames": 7,
    "derivative_cutoff_hz": 8.0,
    "launch_gate_body_rate_limits_rad_s": [
      1.2,
      1.2,
      1.8
    ],
    "launch_gate_rate_confidence_min": 0.65,
    "launch_gate_required_consecutive_frames": 2,
    "position_calibration_path": "C:/Users/GH-X-ST/OneDrive - Imperial College London/Year 4/Final Year Project/01 - Github/Nausicaa/04_Flight_Test/01_Runtime/calibration_data/active_vicon_position_calibration.json",
    "profile_hash": "6c92c58862e6046e9263df31a9777a5967b56886bd132834ef5c82867c988a49",
    "profile_id": "nausicaa_real_flight_vicon_calibration_20260607_234935",
    "profile_version": "1.0",
    "rejected_launch_attempt_min_speed_m_s": 2.0,
    "requested_vicon_tracking_rate_hz": 200.0,
    "updated_vicon_attitude_offset_rad": false,
    "updated_vicon_position_offset_m": true,
    "vicon_attitude_offset_rad": [
      0.0007439979282497511,
      7.203523529364375e-05,
      0.0006251279824196487
    ],
    "vicon_attitude_signs": [
      1.0,
      -1.0,
      -1.0
    ],
    "vicon_position_offset_m": [
      3.9965156017264523,
      2.5228798587866077,
      0.03619146828747935
    ],
    "vicon_yaw_alignment_deg": 0.0
  },
  "calibration_mode": "position",
  "current_attitude_offset_rad": [
    0.0007439979282497512,
    7.203523529364376e-05,
    0.0006251279824196487
  ],
  "current_attitude_signs_phi_theta_psi": [
    1.0,
    -1.0,
    -1.0
  ],
  "current_minus_loaded_active_position_offset_m": [
    0.0,
    0.0,
    0.0
  ],
  "current_position_offset_m": [
    3.870777309775952,
    2.4944796384255516,
    0.037177300662830134
  ],
  "current_transform_error_m": [
    -0.12573829195050168,
    -0.028400220361056272,
    0.0009858323753508536
  ],
  "current_transformed_attitude_error_rad": [
    0.02821392701504699,
    -0.00033793376970070454,
    0.004510421950008503
  ],
  "current_transformed_attitude_mean_rad": [
    0.028213927015046845,
    -0.0003379337697007483,
    0.004510421950008527
  ],
  "current_transformed_mean_m": [
    1.0742617080494983,
    1.5715997796389438,
    0.10098583237535086
  ],
  "current_yaw_alignment_deg": 0.0,
  "invalid_reasons": {
    "vicon_subject_occluded": 1
  },
  "known_arena_attitude_deg": [
    0.0,
    0.0,
    0.0
  ],
  "known_arena_point_m": [
    1.2,
    1.6,
    0.1
  ],
  "loaded_active_attitude_calibration_path": "C:/Users/GH-X-ST/OneDrive - Imperial College London/Year 4/Final Year Project/01 - Github/Nausicaa/04_Flight_Test/01_Runtime/calibration_data/active_vicon_attitude_calibration.json",
  "loaded_active_attitude_offset_deg": [
    0.04262794125518778,
    0.004127314958557619,
    0.0358171950481742
  ],
  "loaded_active_attitude_offset_rad": [
    0.0007439979282497511,
    7.203523529364375e-05,
    0.0006251279824196487
  ],
  "loaded_active_position_calibration_path": "C:/Users/GH-X-ST/OneDrive - Imperial College London/Year 4/Final Year Project/01 - Github/Nausicaa/04_Flight_Test/01_Runtime/calibration_data/active_vicon_position_calibration.json",
  "loaded_active_position_offset_m": [
    3.870777309775952,
    2.4944796384255516,
    0.037177300662830134
  ],
  "loaded_active_profile_hash": "c5de8677a8205ec8bb3d8d39dc61649ab2f2e5c14531fb69a05a734f602743f4",
  "loaded_active_profile_id": "nausicaa_real_flight_vicon_calibration_20260607_200041_position+nausicaa_real_flight_vicon_calibration_20260604_125825_attitude",
  "loaded_active_profile_version": "position:1.0;attitude:1.0",
  "raw_vicon_euler_mean_rad": [
    0.027469929086797084,
    0.0004099690049943946,
    -0.0038852939675888586
  ],
  "raw_vicon_euler_std_rad": [
    0.0022332913444958577,
    0.002572784195098347,
    0.001245096866089054
  ],
  "raw_vicon_mean_m": [
    -2.796515601726452,
    -0.9228798587866076,
    0.06380853171252066
  ],
  "raw_vicon_std_m": [
    0.0002754239839406536,
    0.00032454638298408124,
    0.00028141847940682085
  ],
  "recommended_attitude_offset_deg": [
    -1.5739110001971415,
    0.023489493717353926,
    -0.2226109465104798
  ],
  "recommended_attitude_offset_rad": [
    -0.02746992908679724,
    0.0004099690049943483,
    -0.0038852939675888543
  ],
  "recommended_minus_loaded_active_position_offset_m": [
    0.12573829195050035,
    0.02840022036105605,
    -0.0009858323753507842
  ],
  "recommended_position_offset_m": [
    3.9965156017264523,
    2.5228798587866077,
    0.03619146828747935
  ],
  "run_root": "C:/Users/GH-X-ST/OneDrive - Imperial College London/Year 4/Final Year Project/01 - Github/Nausicaa/04_Flight_Test/05_Results/vicon_frame_calibration/20260607_234935",
  "status": "ok",
  "valid_sample_count": 150
}