t_host_s,phase,fan_subject,visible,reason,x_w,y_w,z_w,visible_count,expected_count_ok
258627.4994171,prelaunch,Fan_1,True,ok,3.86693906671611,2.0762624176551405,0.36817359967714636,4,True
258627.5002017,prelaunch,Fan_2,True,ok,4.559861097978686,2.721018529907811,0.36837965981329546,4,True
258627.5002737,prelaunch,Fan_3,True,ok,2.761600418891237,2.728409856153529,0.367530244693856,4,True
258627.5003107,prelaunch,Fan_4,True,ok,4.956238438347993,1.842437043994924,0.36506509150077004,4,True
