t_host_s,phase,fan_subject,visible,reason,x_w,y_w,z_w,visible_count,expected_count_ok
260749.7976718,prelaunch,Fan_1,True,ok,3.869202500717285,2.0787976565146846,0.36679110352039435,4,True
260749.7984165,prelaunch,Fan_2,True,ok,4.5978978286326,2.758954333095415,0.37063948148778614,4,True
260749.7984691,prelaunch,Fan_3,True,ok,2.7628611831572707,2.7479394970103557,0.3592856223255042,4,True
260749.7984983,prelaunch,Fan_4,True,ok,4.9284948164318525,1.893922075197335,0.36651949359069613,4,True
