SurfaceName,IsActive,BoardCommitToReferenceCount,BoardCommitToReferenceMedian_s,BoardCommitToReferenceP95_s,ReferenceToTrainerCount,ReferenceToTrainerMedian_s,ReferenceToTrainerP95_s,TrainerToReceiverCount,TrainerToReceiverMedian_s,TrainerToReceiverP95_s
Aileron_L,1,3846,0.00303926680665256,0.00333359594037079,3839,2.49999999368811e-07,2.50000006474238e-07,3807,0.00998499999999947,0.0189951500000014
Aileron_R,1,3846,0.00303926680665256,0.00333359594037079,3843,0.0014687500000008,0.00171900000000136,3811,0.00853374999999801,0.0174616250000001
Rudder,1,3846,0.00303926680665256,0.00333359594037079,3846,0.0029687499999973,0.00346925000000198,3813,0.00704100000000096,0.0158638999999965
Elevator,1,3846,0.00303926680665256,0.00333359594037079,3843,0.00445850000000014,0.00520949999999942,3813,0.00555100000000408,0.0144055000000002
