SurfaceName,TransitionCount,TrainerMatchedCount,ReceiverMatchedCount,TrainerMissCount,ReceiverMissCount,CommitToTrainerCount,CommitToTrainerMean_s,CommitToTrainerMedian_s,CommitToTrainerP95_s,CommitToTrainerP99_s,CommitToTrainerMax_s,CommitToReceiverCount,CommitToReceiverMean_s,CommitToReceiverMedian_s,CommitToReceiverP95_s,CommitToReceiverP99_s,CommitToReceiverMax_s,DispatchToReceiverCount,DispatchToReceiverMean_s,DispatchToReceiverMedian_s,DispatchToReceiverP95_s,DispatchToReceiverP99_s,DispatchToReceiverMax_s,ScheduledToReceiverCount,ScheduledToReceiverMean_s,ScheduledToReceiverMedian_s,ScheduledToReceiverP95_s,ScheduledToReceiverP99_s,ScheduledToReceiverMax_s
Aileron_L,120,120,120,0,0,120,9.649655415315076e-07,1.1449183734413282e-06,1.6957634350944772e-06,1.7922363306865918e-06,1.8769859444489612e-06,120,0.021656922214907982,0.021512933821203006,0.03170879109563014,0.034129764037800145,0.034485520235371325,120,0.04048300712356987,0.039684079726484356,0.05960612571074755,0.05974513833368359,0.05980521941256711,120,0.04065320712356986,0.039824040368998226,0.05971971625936554,0.059852468333682435,0.05991421941256547
Aileron_R,120,120,120,0,0,120,0.0014739847149080275,0.0014696139205714331,0.0017202718044796229,0.0017204443837364636,0.0017205176314938342,120,0.02332356804824127,0.023029747617234975,0.03296738093417417,0.034187858467504384,0.034485520235371325,120,0.042149652956903164,0.039704198350206,0.05968292845223679,0.059760368658952956,0.05980521941256711,120,0.042319852956903145,0.03983660356147922,0.05984441536832001,0.05991763317630692,0.0599228158646099
Rudder,120,120,120,0,0,120,0.002978103464907737,0.002969625402560183,0.0034709912727464596,0.0034768504756544872,0.003477555666329124,120,0.025156876381574718,0.02546435087889165,0.03441874864114993,0.0357062561017554,0.03683616272200396,120,0.04398296129023661,0.03972143061177569,0.05974690910386009,0.05979728017196304,0.059809607993383196,120,0.044153161290236595,0.03986458499071688,0.05986540123236548,0.059921983298117605,0.05992711298197939
Elevator,120,120,120,0,0,120,0.004471830548241081,0.0044594364658747665,0.005210843181565572,0.005210946995504173,0.0052110176314954515,120,0.026490240964907975,0.02677537154410281,0.03552039880777471,0.03774654882996466,0.03799938561815708,120,0.04531632587356986,0.039740826399171425,0.05975664355483375,0.05980877416302814,0.05982228703965653,120,0.04548652587356985,0.03987751985724408,0.0599143888416064,0.05992695605293777,0.059931329722420656
