policy_id,primitive_execution_count,continuation_agreement_rate,terminal_agreement_rate,hard_failure_agreement_rate,mean_energy_residual_actual_m,mean_lift_dwell_actual_s
context_only_without_memory,96,0.7708333333333334,0.8854166666666666,0.3854166666666667,-0.32859356101367576,0.22500000000000006
context_plus_memory_lambda_0_5,96,0.7708333333333334,0.8854166666666666,0.3854166666666667,-0.32859356101367576,0.22500000000000006
context_plus_memory_lambda_0_8,96,0.7708333333333334,0.8854166666666666,0.3854166666666667,-0.32859356101367576,0.22500000000000006
context_plus_memory_lambda_0_95,96,0.7708333333333334,0.8854166666666666,0.3854166666666667,-0.32859356101367576,0.22500000000000006
no_memory_baseline,96,0.7708333333333334,0.8854166666666666,0.3854166666666667,-0.32859356101367576,0.22500000000000006
static_map_baseline,96,0.7708333333333334,0.8854166666666666,0.3854166666666667,-0.32859356101367576,0.22500000000000006
