t_host_s,phase,fan_subject,visible,reason,x_w,y_w,z_w,visible_count,expected_count_ok
243130.9965032,prelaunch,Fan_1,True,ok,2.9769685540837902,3.5775673716993834,0.38446623693263476,4,True
243130.9972061,prelaunch,Fan_2,True,ok,5.417943960774977,3.6421634538928265,0.3749604408212392,4,True
243130.9972675,prelaunch,Fan_3,True,ok,3.021215605230175,1.1937624545294467,0.36972985524665,4,True
243130.9973035,prelaunch,Fan_4,True,ok,5.351540356049972,1.1586287985783628,0.3648853649144697,4,True
