t_host_s,phase,fan_subject,visible,reason,x_w,y_w,z_w,visible_count,expected_count_ok
243328.296131,prelaunch,Fan_1,True,ok,2.9771283987891306,3.5801045148279034,0.38353332611027646,4,True
243328.2990987,prelaunch,Fan_2,True,ok,5.420074356471295,3.6448991883001804,0.37420591276850523,4,True
243328.2992635,prelaunch,Fan_3,True,ok,3.0193710530695856,1.1893574977497625,0.3689980479139614,4,True
243328.2994019,prelaunch,Fan_4,True,ok,5.3571226262162,1.155983665650357,0.36476497844878436,4,True
