t_host_s,phase,fan_subject,visible,reason,x_w,y_w,z_w,visible_count,expected_count_ok
252988.7976202,prelaunch,Fan_1,True,ok,3.453973099613625,2.387580235828895,0.37335250302792367,3,True
252988.799314,prelaunch,Fan_2,True,ok,4.771588735141608,2.4274054136416345,0.3758934482207504,3,True
252988.7993617,prelaunch,Fan_3,True,ok,2.237836596983076,2.1985329633315684,0.36826806634282544,3,True
252988.7993821,prelaunch,Fan_4,False,fan_subject_occluded,,,,3,True
