t_host_s,phase,fan_subject,visible,reason,x_w,y_w,z_w,visible_count,expected_count_ok
257081.2672172,prelaunch,Fan_1,True,ok,3.8666204876066446,2.073465299872005,0.3709664978893322,4,True
257081.2677219,prelaunch,Fan_2,True,ok,4.563539697618584,2.7272939191977033,0.36954291868695166,4,True
257081.2678474,prelaunch,Fan_3,True,ok,2.761173748675734,2.7259021386604423,0.36920713069782296,4,True
257081.2679532,prelaunch,Fan_4,True,ok,4.957630404039371,1.8417522116988354,0.36708978206273446,4,True
