t_host_s,phase,fan_subject,visible,reason,x_w,y_w,z_w,visible_count,expected_count_ok
245982.4159096,prelaunch,Fan_1,True,ok,2.976705268328782,3.5828183906603224,0.382902055733294,4,True
245982.4164541,prelaunch,Fan_2,True,ok,5.42372116144859,3.5745915597853744,0.3698098771379337,4,True
245982.4165041,prelaunch,Fan_3,True,ok,2.980162442590599,1.0784826313422966,0.3674656707052599,4,True
245982.4165334,prelaunch,Fan_4,True,ok,5.362986835387177,1.1655234192697663,0.36264561466751216,4,True
