t_host_s,phase,fan_subject,visible,reason,x_w,y_w,z_w,visible_count,expected_count_ok
260616.7718064,prelaunch,Fan_1,True,ok,3.8679123437098886,2.0776368679326658,0.36695458360069677,4,True
260616.7739269,prelaunch,Fan_2,True,ok,4.59762902548302,2.7585714888303556,0.3707081752620025,4,True
260616.7740713,prelaunch,Fan_3,True,ok,2.7628542458617886,2.7471087007292776,0.3594510277663935,4,True
260616.7741914,prelaunch,Fan_4,True,ok,4.928287279586145,1.8936707849379957,0.36677691955180447,4,True
