t_host_s,phase,fan_subject,visible,reason,x_w,y_w,z_w,visible_count,expected_count_ok
251168.2546806,prelaunch,Fan_1,True,ok,3.452941609657903,2.386386483268684,0.3730503185002689,3,True
251168.2551716,prelaunch,Fan_2,True,ok,4.764700680750963,2.4421570217904276,0.3759901246598982,3,True
251168.2552174,prelaunch,Fan_3,True,ok,2.24079743327868,2.1959800816689854,0.3698533945906576,3,True
251168.2552369,prelaunch,Fan_4,False,fan_subject_occluded,,,,3,True
