t_host_s,phase,fan_subject,visible,reason,x_w,y_w,z_w,visible_count,expected_count_ok
243570.3112135,prelaunch,Fan_1,True,ok,2.9772095134242806,3.582188966866572,0.3837031454933099,4,True
243570.3133397,prelaunch,Fan_2,True,ok,5.418699133127101,3.64985963035122,0.3743915336668476,4,True
243570.3134008,prelaunch,Fan_3,True,ok,3.0202039902549136,1.1902625886877276,0.37004523239965437,4,True
243570.313435,prelaunch,Fan_4,True,ok,5.362217487103281,1.1549628026894856,0.3646270514239691,4,True
