t_host_s,phase,fan_subject,visible,reason,x_w,y_w,z_w,visible_count,expected_count_ok
247259.9197362,prelaunch,Fan_1,True,ok,2.9769158239670777,3.5826497803465003,0.38285513512789493,4,True
247259.9218819,prelaunch,Fan_2,True,ok,5.423102377225126,3.577514237350673,0.36914635599631207,4,True
247259.9219385,prelaunch,Fan_3,True,ok,2.98057737442654,1.0826595944717492,0.3661612816517958,4,True
247259.9219698,prelaunch,Fan_4,True,ok,5.3681942446012165,1.1832842124303913,0.36298431549590116,4,True
