t_host_s,phase,fan_subject,visible,reason,x_w,y_w,z_w,visible_count,expected_count_ok
258100.105182,prelaunch,Fan_1,True,ok,3.8666335485658205,2.074921590119373,0.36964500476033646,4,True
258100.1059681,prelaunch,Fan_2,True,ok,4.561229427489574,2.7222619122953686,0.369306068605069,4,True
258100.1062003,prelaunch,Fan_3,True,ok,2.7616291743270374,2.727161512698807,0.3680940512360137,4,True
258100.1064365,prelaunch,Fan_4,True,ok,4.956648841509031,1.8429833459022886,0.36563257075254607,4,True
