t_host_s,phase,fan_subject,visible,reason,x_w,y_w,z_w,visible_count,expected_count_ok
257895.4446477,prelaunch,Fan_1,True,ok,3.866985700968915,2.073773199814688,0.36969054344379526,4,True
257895.4472772,prelaunch,Fan_2,True,ok,4.563337982904325,2.726731406177526,0.3680856760350023,4,True
257895.4473751,prelaunch,Fan_3,True,ok,2.7635823471023038,2.7457091874106236,0.3606469029253706,4,True
257895.4474238,prelaunch,Fan_4,True,ok,4.957346576556817,1.8427307386600762,0.3657951894556649,4,True
