t_host_s,phase,fan_subject,visible,reason,x_w,y_w,z_w,visible_count,expected_count_ok
258050.393085,prelaunch,Fan_1,True,ok,3.8667748769060966,2.0751392401052597,0.36995045879178934,4,True
258050.393822,prelaunch,Fan_2,True,ok,4.56167889066848,2.723016969852014,0.3697908396990055,4,True
258050.3938812,prelaunch,Fan_3,True,ok,2.7615679391202628,2.7265068148044387,0.36924580939826634,4,True
258050.3939139,prelaunch,Fan_4,True,ok,4.956129638122344,1.843617966399996,0.36531439838412927,4,True
