t_host_s,phase,fan_subject,visible,reason,x_w,y_w,z_w,visible_count,expected_count_ok
251469.8232089,prelaunch,Fan_1,True,ok,3.4533262855060363,2.386482250307478,0.37317207991385365,3,True
251469.8237108,prelaunch,Fan_2,True,ok,4.76935267269779,2.4327483134179384,0.37616300206017755,3,True
251469.8237535,prelaunch,Fan_3,True,ok,2.2399960147534257,2.195886770725634,0.3696307087157165,3,True
251469.8237724,prelaunch,Fan_4,False,fan_subject_occluded,,,,3,True
