t_host_s,phase,fan_subject,visible,reason,x_w,y_w,z_w,visible_count,expected_count_ok
250811.4796846,prelaunch,Fan_1,True,ok,3.4533757654253767,2.386537735281653,0.37329962614717443,3,True
250811.4803637,prelaunch,Fan_2,True,ok,4.764451199486295,2.442594547344917,0.37666276154375383,3,True
250811.4804275,prelaunch,Fan_3,True,ok,2.241922768321672,2.196171482573475,0.3695817340666415,3,True
250811.4804511,prelaunch,Fan_4,False,fan_subject_occluded,,,,3,True
