t_host_s,phase,fan_subject,visible,reason,x_w,y_w,z_w,visible_count,expected_count_ok
252161.1541734,prelaunch,Fan_1,True,ok,3.4538151155288546,2.3873589426179818,0.37325931638461696,3,True
252161.1547577,prelaunch,Fan_2,True,ok,4.77149547418409,2.4288319018706415,0.37616501044284545,3,True
252161.1548089,prelaunch,Fan_3,True,ok,2.2404082291797796,2.1976792839032826,0.3690747935095296,3,True
252161.1548309,prelaunch,Fan_4,False,fan_subject_occluded,,,,3,True
