t_host_s,phase,fan_subject,visible,reason,x_w,y_w,z_w,visible_count,expected_count_ok
260662.6525427,prelaunch,Fan_1,True,ok,3.868850001300201,2.078147476589743,0.36677784950845904,4,True
260662.6531621,prelaunch,Fan_2,True,ok,4.597887975119784,2.7588103418271093,0.37003035742699963,4,True
260662.6532129,prelaunch,Fan_3,True,ok,2.7627263236998476,2.7469912639617133,0.3592717793173189,4,True
260662.6532432,prelaunch,Fan_4,True,ok,4.928368919347492,1.8936093531983456,0.3666559699448194,4,True
