t_host_s,phase,fan_subject,visible,reason,x_w,y_w,z_w,visible_count,expected_count_ok
258191.8239386,prelaunch,Fan_1,True,ok,3.866467140987506,2.0760572436861064,0.3691437110313567,4,True
258191.8257633,prelaunch,Fan_2,True,ok,4.56033066167558,2.720837075184274,0.36926268050515043,4,True
258191.825821,prelaunch,Fan_3,True,ok,2.761641602296585,2.727757915643917,0.36791502553416244,4,True
258191.8258603,prelaunch,Fan_4,True,ok,4.956551302440871,1.8425035778133325,0.36578373313322143,4,True
