t_host_s,phase,fan_subject,visible,reason,x_w,y_w,z_w,visible_count,expected_count_ok
247015.1682568,prelaunch,Fan_1,True,ok,2.9772589313876034,3.5825785685458085,0.3832776774069643,4,True
247015.1688414,prelaunch,Fan_2,True,ok,5.423136585373957,3.577711010595982,0.3691676273586817,4,True
247015.168883,prelaunch,Fan_3,True,ok,2.982111708616756,1.0832456493577958,0.36654835357186316,4,True
247015.1689091,prelaunch,Fan_4,True,ok,5.36006435326733,1.1897192601635933,0.36294415218564136,4,True
