t_host_s,phase,fan_subject,visible,reason,x_w,y_w,z_w,visible_count,expected_count_ok
251496.2767454,prelaunch,Fan_1,True,ok,3.453512500663411,2.3871067487066755,0.3733529264332733,3,True
251496.2773248,prelaunch,Fan_2,True,ok,4.769168041681996,2.4332306669987203,0.3760643834132874,3,True
251496.2773744,prelaunch,Fan_3,True,ok,2.2400931759578393,2.196241305987878,0.36971085701438083,3,True
251496.2773967,prelaunch,Fan_4,False,fan_subject_occluded,,,,3,True
