t_host_s,phase,fan_subject,visible,reason,x_w,y_w,z_w,visible_count,expected_count_ok
250702.9448683,prelaunch,Fan_1,True,ok,3.453927313671442,2.3864948279217875,0.3737562184481991,3,True
250702.9455536,prelaunch,Fan_2,True,ok,4.76453282100601,2.4425231105068566,0.3771747593899828,3,True
250702.945629,prelaunch,Fan_3,True,ok,2.242112772833604,2.1936956196255015,0.3700149432869741,3,True
250702.9456568,prelaunch,Fan_4,False,fan_subject_occluded,,,,3,True
