t_host_s,phase,fan_subject,visible,reason,x_w,y_w,z_w,visible_count,expected_count_ok
243397.4925569,prelaunch,Fan_1,True,ok,2.9772762960614094,3.5821215166376064,0.3838915407648935,4,True
243397.4933436,prelaunch,Fan_2,True,ok,5.4200817464705455,3.6504356631138597,0.3750924895577971,4,True
243397.4934775,prelaunch,Fan_3,True,ok,3.0222354479164846,1.1903227574072774,0.37090546272008396,4,True
243397.4935422,prelaunch,Fan_4,True,ok,5.358208424463855,1.1561078124462614,0.3644270753171487,4,True
