t_host_s,phase,fan_subject,visible,reason,x_w,y_w,z_w,visible_count,expected_count_ok
243082.2682354,prelaunch,Fan_1,True,ok,2.977373100474918,3.5783801034482785,0.3842793667711196,4,True
243082.2688551,prelaunch,Fan_2,True,ok,5.418464618676365,3.640761541156458,0.3754092145325284,4,True
243082.2689128,prelaunch,Fan_3,True,ok,3.0201334424349784,1.189815928371621,0.3696011060040084,4,True
243082.2689526,prelaunch,Fan_4,True,ok,5.352083362314047,1.1583723404423387,0.3650525180606596,4,True
