t_host_s,phase,fan_subject,visible,reason,x_w,y_w,z_w,visible_count,expected_count_ok
252271.0342759,prelaunch,Fan_1,True,ok,3.4538867258970405,2.38758602648595,0.37299891921901035,3,True
252271.034785,prelaunch,Fan_2,True,ok,4.771338135220716,2.4285485676816485,0.37616058316500456,3,True
252271.0348329,prelaunch,Fan_3,True,ok,2.240638834438447,2.1975290884216387,0.3685953704652004,3,True
252271.0348537,prelaunch,Fan_4,False,fan_subject_occluded,,,,3,True
