metric,count,mean_s,median_s,p95_s,p99_s,max_s
dispatch_to_rx_latency_s,932,0.02213581166011773,0.02145820120656694,0.033057285379579325,0.0334908228242341,0.03399322461438459
dispatch_to_apply_latency_s,932,0.02233751694852361,0.021650383890211344,0.033271006243048615,0.033688921386508426,0.03420121011805577
scheduled_to_rx_latency_s,932,0.022814430758830294,0.021837363274691768,0.03341067987346946,0.03386862554364306,0.03425922461438802
scheduled_to_apply_latency_s,932,0.023016136047236173,0.022038721789359172,0.03360893746502427,0.034078698316857364,0.0344672101180592
rx_to_apply_latency_s,932,0.0001978401287553648,0.000196,0.000214,0.000219,0.000223
apply_to_output_latency_s,932,0.014971641026777189,0.01465247070749598,0.024538338342064134,0.025334946920578146,0.02587325603341384
dispatch_to_output_latency_s,932,0.0373091579753008,0.037347182686087166,0.051595026315839475,0.05665491731510208,0.05925142794539795
scheduled_to_output_latency_s,932,0.037987777074013365,0.0380871101356588,0.0520400588025839,0.05731629152306679,0.05953942794539557
