{
  "active_profile_update": {
    "body_rate_limit_rad_s": 6.0,
    "body_rate_observer_window_frames": 7,
    "derivative_cutoff_hz": 8.0,
    "launch_gate_body_rate_limits_rad_s": [
      1.2,
      1.2,
      1.8
    ],
    "launch_gate_rate_confidence_min": 0.65,
    "launch_gate_required_consecutive_frames": 2,
    "profile_hash": "9f555fdcda2d0ce636b50fa993aeea8a507a200d0bd52f1fe11b7953d2095510",
    "profile_id": "nausicaa_real_flight_vicon_calibration_20260603_185340",
    "profile_path": "c:/Users/GH-X-ST/OneDrive - Imperial College London/Year 4/Final Year Project/01 - Github/Nausicaa/04_Flight_Test/01_Runtime/calibration_profile.py",
    "profile_version": "1.0",
    "rejected_launch_attempt_min_speed_m_s": 2.0,
    "requested_vicon_tracking_rate_hz": 200.0,
    "vicon_attitude_signs": [
      1.0,
      -1.0,
      -1.0
    ],
    "vicon_position_offset_m": [
      3.912561157643868,
      2.430125153483199,
      0.0380633081971309
    ],
    "vicon_yaw_alignment_deg": 0.0
  },
  "current_position_offset_m": [
    4.152039683430518,
    2.461843553515413,
    0.03420135378702735
  ],
  "current_transform_error_m": [
    0.23947852578665185,
    0.03171840003221282,
    -0.0038619544101036185
  ],
  "current_transformed_mean_m": [
    1.4394785257866518,
    1.631718400032213,
    0.09613804558989639
  ],
  "current_yaw_alignment_deg": 0.0,
  "invalid_reasons": {
    "vicon_subject_occluded": 1
  },
  "known_arena_point_m": [
    1.2,
    1.6,
    0.1
  ],
  "raw_vicon_mean_m": [
    -2.7125611576438677,
    -0.830125153483199,
    0.06193669180286911
  ],
  "raw_vicon_std_m": [
    4.287467595886842e-05,
    6.650236895705319e-05,
    9.985057779523016e-05
  ],
  "recommended_position_offset_m": [
    3.912561157643868,
    2.430125153483199,
    0.0380633081971309
  ],
  "run_root": "C:/Users/GH-X-ST/OneDrive - Imperial College London/Year 4/Final Year Project/01 - Github/Nausicaa/04_Flight_Test/05_Results/vicon_frame_calibration/20260603_185340",
  "status": "ok",
  "valid_sample_count": 150
}