t_host_s,phase,fan_subject,visible,reason,x_w,y_w,z_w,visible_count,expected_count_ok
256989.6091018,prelaunch,Fan_1,True,ok,3.8666389344584555,2.0732025729136385,0.37208196299927343,4,True
256989.609656,prelaunch,Fan_2,True,ok,4.564305735075893,2.728449939313796,0.37105572719439295,4,True
256989.6096992,prelaunch,Fan_3,True,ok,2.761589282926895,2.724628552716831,0.37069012451633154,4,True
256989.6097255,prelaunch,Fan_4,True,ok,4.957708309895731,1.8413479107588548,0.3693304249376246,4,True
