t_host_s,phase,fan_subject,visible,reason,x_w,y_w,z_w,visible_count,expected_count_ok
243454.1483035,prelaunch,Fan_1,True,ok,2.9773574639984868,3.5822805739131143,0.3838585619270741,4,True
243454.1488872,prelaunch,Fan_2,True,ok,5.4195295415912765,3.649717248361471,0.37505896746535067,4,True
243454.1489347,prelaunch,Fan_3,True,ok,3.021717974249603,1.1901086148405713,0.3706355727054265,4,True
243454.149026,prelaunch,Fan_4,True,ok,5.357789658201451,1.1549279803456587,0.36459244134037877,4,True
