library_size_case_id,launch_count,safe_success_rate,full_safe_success_rate,hard_failure_rate,no_viable_primitive_rate,mean_launch_score
balanced_cluster,42,0.0,0.0,1.0,0.0,-100.0
heavy_cluster,42,0.3333333333333333,0.0,0.6666666666666666,0.0,-50.53333333333334
light_cluster,42,0.0,0.0,1.0,0.0,-100.0
no_cluster_no_merge,42,0.3333333333333333,0.0,0.6666666666666666,0.0,-50.53333333333334
super_light_cluster,42,0.3333333333333333,0.0,0.6666666666666666,0.0,-50.53333333333334
