t_host_s,phase,fan_subject,visible,reason,x_w,y_w,z_w,visible_count,expected_count_ok
250747.9314484,prelaunch,Fan_1,True,ok,3.4532254230906223,2.3866238501183346,0.3732477772846924,3,True
250747.9325673,prelaunch,Fan_2,True,ok,4.764390441820883,2.442804675807932,0.3763082841022503,3,True
250747.9327855,prelaunch,Fan_3,True,ok,2.2419682282093936,2.1962260029138627,0.3696138444047419,3,True
250747.9328553,prelaunch,Fan_4,False,fan_subject_occluded,,,,3,True
