t_host_s,phase,fan_subject,visible,reason,x_w,y_w,z_w,visible_count,expected_count_ok
257005.453265,prelaunch,Fan_1,True,ok,3.866287060450432,2.0730376017581853,0.37082967130348043,4,True
257005.4549723,prelaunch,Fan_2,True,ok,4.564011393113192,2.729243915795136,0.36981011035018074,4,True
257005.4551297,prelaunch,Fan_3,True,ok,2.761182398016672,2.7250186618679435,0.369326518538876,4,True
257005.4551863,prelaunch,Fan_4,True,ok,4.957755975088418,1.841389087656657,0.3673940203245668,4,True
