t_host_s,phase,fan_subject,visible,reason,x_w,y_w,z_w,visible_count,expected_count_ok
246082.352971,prelaunch,Fan_1,True,ok,2.9769408859810467,3.583258304312128,0.3829172594277147,4,True
246082.355318,prelaunch,Fan_2,True,ok,5.423516541274194,3.574283509924909,0.37050007224531967,4,True
246082.3554793,prelaunch,Fan_3,True,ok,2.9816082332712646,1.077477785821273,0.36756998418982606,4,True
246082.3556048,prelaunch,Fan_4,True,ok,5.36154328063443,1.1670205881315792,0.36174390695157427,4,True
