t_host_s,phase,fan_subject,visible,reason,x_w,y_w,z_w,visible_count,expected_count_ok
260649.4950275,prelaunch,Fan_1,True,ok,3.8693394616819736,2.078166875098517,0.3666648660034506,4,True
260649.4956227,prelaunch,Fan_2,True,ok,4.597587954984473,2.7581760087302127,0.3707531117677294,4,True
260649.4956766,prelaunch,Fan_3,True,ok,2.762784984809519,2.7466744067908104,0.3593699672560209,4,True
260649.495709,prelaunch,Fan_4,True,ok,4.928785683158764,1.8934523672599082,0.36722111325493023,4,True
