t_host_s,phase,fan_subject,visible,reason,x_w,y_w,z_w,visible_count,expected_count_ok
260768.6128455,prelaunch,Fan_1,True,ok,3.8693432267120946,2.0784958807193887,0.366680813355143,4,True
260768.6136501,prelaunch,Fan_2,True,ok,4.597808155278805,2.7592719794797693,0.36966447985442663,4,True
260768.613748,prelaunch,Fan_3,True,ok,2.7627546387827824,2.7478706341573416,0.35903444104030635,4,True
260768.6137896,prelaunch,Fan_4,True,ok,4.928678645837424,1.8935417646902724,0.366689310617793,4,True
