t_host_s,phase,fan_subject,visible,reason,x_w,y_w,z_w,visible_count,expected_count_ok
258117.5356073,prelaunch,Fan_1,True,ok,3.866803136360629,2.074849331809981,0.3693781028929948,4,True
258117.5362252,prelaunch,Fan_2,True,ok,4.561006825396033,2.7222702259355818,0.3686095040751466,4,True
258117.5362826,prelaunch,Fan_3,True,ok,2.7615517586826694,2.7273390724082596,0.36773410865696177,4,True
258117.5363097,prelaunch,Fan_4,True,ok,4.956336653830519,1.8427597222218326,0.3649236861315689,4,True
