t_host_s,phase,fan_subject,visible,reason,x_w,y_w,z_w,visible_count,expected_count_ok
261083.7537494,prelaunch,Fan_1,True,ok,3.8691838375890693,2.078453124999615,0.3664873315502434,4,True
261083.7545304,prelaunch,Fan_2,True,ok,4.5979746080183,2.758545728128755,0.3700439757354299,4,True
261083.7545859,prelaunch,Fan_3,True,ok,2.758657889553511,2.7279263070717814,0.36861426730446767,4,True
261083.7546186,prelaunch,Fan_4,True,ok,4.928461883971491,1.8937840864902238,0.36649862349588325,4,True
