t_host_s,phase,fan_subject,visible,reason,x_w,y_w,z_w,visible_count,expected_count_ok
245898.7160683,prelaunch,Fan_1,True,ok,2.9767779402170085,3.5827352853374808,0.38290048709262475,4,True
245898.7178059,prelaunch,Fan_2,True,ok,5.423561835775656,3.5739423734553197,0.3706403052858257,4,True
245898.717883,prelaunch,Fan_3,True,ok,2.980658394932233,1.0778466138019585,0.3682976001129549,4,True
245898.7179145,prelaunch,Fan_4,True,ok,5.362494118401253,1.165667253312091,0.36280205261762155,4,True
