t_host_s,phase,fan_subject,visible,reason,x_w,y_w,z_w,visible_count,expected_count_ok
251086.649721,prelaunch,Fan_1,True,ok,3.453168297264664,2.386485636582781,0.37312650783667933,3,True
251086.6514687,prelaunch,Fan_2,True,ok,4.76442944307292,2.442153424879264,0.37629635124482697,3,True
251086.6515153,prelaunch,Fan_3,True,ok,2.2413578023311427,2.195862564660719,0.36961148880603784,3,True
251086.6515346,prelaunch,Fan_4,False,fan_subject_occluded,,,,3,True
