t_host_s,phase,fan_subject,visible,reason,x_w,y_w,z_w,visible_count,expected_count_ok
246920.3386448,prelaunch,Fan_1,True,ok,2.9766705708097807,3.582227497854988,0.3830327987334374,4,True
246920.3391419,prelaunch,Fan_2,True,ok,5.423630265219513,3.5765620195285748,0.3689899234769875,4,True
246920.3391909,prelaunch,Fan_3,True,ok,2.9832135416119323,1.0823740243110942,0.3669823608581185,4,True
246920.339232,prelaunch,Fan_4,True,ok,5.35637083153444,1.1938259626033965,0.36246576432789035,4,True
