t_host_s,phase,fan_subject,visible,reason,x_w,y_w,z_w,visible_count,expected_count_ok
261064.5479974,prelaunch,Fan_1,True,ok,3.868996548981601,2.0784658708909256,0.3663957130230373,4,True
261064.5488096,prelaunch,Fan_2,True,ok,4.597770653538029,2.7595109171676864,0.3695515661791735,4,True
261064.5488587,prelaunch,Fan_3,True,ok,2.758555632889073,2.7277432375857558,0.368478283288328,4,True
261064.5488866,prelaunch,Fan_4,True,ok,4.92835417616328,1.8938656885718168,0.3665427053151714,4,True
