t_host_s,phase,fan_subject,visible,reason,x_w,y_w,z_w,visible_count,expected_count_ok
257308.5202218,prelaunch,Fan_1,True,ok,3.8668992442552144,2.0740397008681635,0.37058656902044373,4,True
257308.5211181,prelaunch,Fan_2,True,ok,4.565334855972365,2.730758504696326,0.3686520076830151,4,True
257308.5211852,prelaunch,Fan_3,True,ok,2.761165642996144,2.727694528763267,0.3685969630852177,4,True
257308.5212216,prelaunch,Fan_4,True,ok,4.957480083393433,1.8426384798606295,0.3661622505494252,4,True
