t_host_s,phase,fan_subject,visible,reason,x_w,y_w,z_w,visible_count,expected_count_ok
252418.1872429,prelaunch,Fan_1,True,ok,3.453714885196094,2.386832093022686,0.3730640894864209,3,True
252418.1879807,prelaunch,Fan_2,True,ok,4.770982987634081,2.4282467745686724,0.37643119365952804,3,True
252418.188029,prelaunch,Fan_3,True,ok,2.2398417482675335,2.19700133806371,0.36836012872012647,3,True
252418.1880497,prelaunch,Fan_4,False,fan_subject_occluded,,,,3,True
