t_host_s,phase,fan_subject,visible,reason,x_w,y_w,z_w,visible_count,expected_count_ok
247030.6920769,prelaunch,Fan_1,True,ok,2.9769091704115107,3.5827211224208257,0.38339056179589504,4,True
247030.6939506,prelaunch,Fan_2,True,ok,5.4232130514419215,3.576421355040364,0.36898636382895356,4,True
247030.6939941,prelaunch,Fan_3,True,ok,2.9820745326812554,1.0816696656183353,0.36681063077778664,4,True
247030.6940206,prelaunch,Fan_4,True,ok,5.359806595152552,1.1901895241914278,0.36236686273627405,4,True
