t_host_s,phase,fan_subject,visible,reason,x_w,y_w,z_w,visible_count,expected_count_ok
247147.6670902,prelaunch,Fan_1,True,ok,2.9769071572672066,3.5823882571871946,0.3833359354796789,4,True
247147.667661,prelaunch,Fan_2,True,ok,5.423377016568931,3.5771850398421376,0.369396783397317,4,True
247147.667709,prelaunch,Fan_3,True,ok,2.9819995950805755,1.0814847677316999,0.36634894754540775,4,True
247147.6677392,prelaunch,Fan_4,True,ok,5.366055140825746,1.1851384914439826,0.36296219641294203,4,True
