t_host_s,phase,fan_subject,visible,reason,x_w,y_w,z_w,visible_count,expected_count_ok
260582.2413892,prelaunch,Fan_1,True,ok,3.867394725280946,2.0778363394529853,0.3665465817112382,4,True
260582.2419339,prelaunch,Fan_2,True,ok,4.597928239410937,2.758624354939963,0.3701831765170296,4,True
260582.2419919,prelaunch,Fan_3,True,ok,2.762786687435357,2.746906775282599,0.35942132569272267,4,True
260582.24207,prelaunch,Fan_4,True,ok,4.928718321685063,1.8938284095930948,0.36662014628409245,4,True
