t_host_s,phase,fan_subject,visible,reason,x_w,y_w,z_w,visible_count,expected_count_ok
250343.4799474,prelaunch,Fan_1,True,ok,3.4534772549781976,2.3857994771085487,0.3739070270901225,3,True
250343.4806284,prelaunch,Fan_2,True,ok,4.763266790117603,2.444523672566799,0.37718533350387673,3,True
250343.4806934,prelaunch,Fan_3,True,ok,2.2401599994876378,2.192757438927881,0.3700740435658338,3,True
250343.480716,prelaunch,Fan_4,False,fan_subject_occluded,,,,3,True
