metric,count,mean_s,median_s,p95_s,p99_s,max_s
dispatch_to_rx_latency_s,932,0.0221358116610783,0.0214582012076399,0.03307589088664,0.0334908228251933,0.0339932246153367
dispatch_to_apply_latency_s,932,0.022337516949485,0.021650383891167,0.0332857533494192,0.03369230368411,0.0342012101190079
scheduled_to_rx_latency_s,932,0.0228144307597908,0.0218373632756474,0.0334106798744216,0.0338887879767535,0.0342592246153401
scheduled_to_apply_latency_s,932,0.0230161360481975,0.0220387217903131,0.0336104244584064,0.0340971317284738,0.0344672101190113
rx_to_apply_latency_s,932,0.000197840128755365,0.000196,0.000214,0.00021918,0.000223
apply_to_output_latency_s,932,0.015674705910353,0.0153555355910235,0.0252495370999295,0.0260606637629594,0.0265763209170018
dispatch_to_output_latency_s,932,0.0380122228598379,0.0380502475706272,0.0523128645784709,0.0574316657601527,0.0599544928299309
scheduled_to_output_latency_s,932,0.0386908419585505,0.0387901750202007,0.0528019295519545,0.0581377436268437,0.0602424928299286
