t_host_s,phase,fan_subject,visible,reason,x_w,y_w,z_w,visible_count,expected_count_ok
250847.4196872,prelaunch,Fan_1,True,ok,3.453198031095533,2.3863039521072342,0.3734391955226914,3,True
250847.4212778,prelaunch,Fan_2,True,ok,4.764426523280627,2.442430506968344,0.37673460596159214,3,True
250847.4214043,prelaunch,Fan_3,True,ok,2.2417858509182604,2.195988571854092,0.3696979600793031,3,True
250847.4214594,prelaunch,Fan_4,False,fan_subject_occluded,,,,3,True
