t_host_s,phase,fan_subject,visible,reason,x_w,y_w,z_w,visible_count,expected_count_ok
246581.7554242,prelaunch,Fan_1,True,ok,2.9768118103275163,3.5842218784459865,0.38238578101342185,4,True
246581.7559854,prelaunch,Fan_2,True,ok,5.42243152129403,3.5779028575878202,0.36950036796146785,4,True
246581.7560354,prelaunch,Fan_3,True,ok,2.978001399129267,1.0786091260163564,0.365084409731503,4,True
246581.7562145,prelaunch,Fan_4,True,ok,5.359091326585375,1.171722211775725,0.3625899964869816,4,True
