t_host_s,phase,fan_subject,visible,reason,x_w,y_w,z_w,visible_count,expected_count_ok
243651.755169,prelaunch,Fan_1,True,ok,2.9771150278687744,3.582010739279023,0.38368046728462113,4,True
243651.7556831,prelaunch,Fan_2,True,ok,5.419235663117142,3.6502503928993186,0.3748238256002273,4,True
243651.755794,prelaunch,Fan_3,True,ok,3.020480334797246,1.189728141562238,0.370001364889739,4,True
243651.7558494,prelaunch,Fan_4,True,ok,5.361221019534277,1.153519498703923,0.36452781074127577,4,True
