t_host_s,phase,fan_subject,visible,reason,x_w,y_w,z_w,visible_count,expected_count_ok
247409.5475385,prelaunch,Fan_1,True,ok,2.976803993073822,3.5819884151093015,0.38288629356290926,4,True
247409.5483596,prelaunch,Fan_2,True,ok,5.423214684024351,3.577204166171338,0.3690970850303452,4,True
247409.5484048,prelaunch,Fan_3,True,ok,2.9817190303534784,1.0768066661328881,0.3651703969885917,4,True
247409.5484305,prelaunch,Fan_4,True,ok,5.3689496442594775,1.1800532175031633,0.3624254953852373,4,True
