t_host_s,phase,fan_subject,visible,reason,x_w,y_w,z_w,visible_count,expected_count_ok
260985.3064182,prelaunch,Fan_1,True,ok,3.869098725685948,2.0785493787439147,0.36691926422632215,4,True
260985.3072599,prelaunch,Fan_2,True,ok,4.598200100172275,2.75969393053827,0.36987214806072843,4,True
260985.3073365,prelaunch,Fan_3,True,ok,2.7587804871152537,2.7279505336661374,0.36894217111568606,4,True
260985.3074093,prelaunch,Fan_4,True,ok,4.928534185099897,1.8940653485693764,0.3669955161956807,4,True
