t_host_s,phase,fan_subject,visible,reason,x_w,y_w,z_w,visible_count,expected_count_ok
257403.6246063,prelaunch,Fan_1,True,ok,3.8665895425480303,2.0731909663210577,0.37013595842301983,4,True
257403.6267762,prelaunch,Fan_2,True,ok,4.5639715417131725,2.727585151990115,0.36878357564707487,4,True
257403.6269063,prelaunch,Fan_3,True,ok,2.7609128546998676,2.727828592990356,0.36777987725021655,4,True
257403.6269639,prelaunch,Fan_4,True,ok,4.956966674284823,1.841891604208447,0.36540439945400094,4,True
