t_host_s,phase,fan_subject,visible,reason,x_w,y_w,z_w,visible_count,expected_count_ok
257549.7275409,prelaunch,Fan_1,True,ok,3.866829330828264,2.0737426789125672,0.3704080853100532,4,True
257549.729004,prelaunch,Fan_2,True,ok,4.563771443887313,2.7270991862691707,0.3689506717481509,4,True
257549.7291277,prelaunch,Fan_3,True,ok,2.761181576369161,2.730198963821036,0.3672495293767152,4,True
257549.7292273,prelaunch,Fan_4,True,ok,4.957289906532573,1.8423841856841008,0.3664129167741209,4,True
