t_host_s,phase,fan_subject,visible,reason,x_w,y_w,z_w,visible_count,expected_count_ok
246113.9821599,prelaunch,Fan_1,True,ok,2.9766121274204056,3.5830012412370786,0.38293944568391164,4,True
246113.9828489,prelaunch,Fan_2,True,ok,5.422960013357233,3.575640646860678,0.36974797693267597,4,True
246113.982901,prelaunch,Fan_3,True,ok,2.9809016750147124,1.0790880721229328,0.3668816450869953,4,True
246113.9829313,prelaunch,Fan_4,True,ok,5.360432362224208,1.1658358161402353,0.3621078914638054,4,True
