metric,count,mean_s,median_s,p95_s,p99_s,max_s
commit_to_trainer_latency_s,252,0.0022242156261243528,0.0020924495014646993,0.005209277861258599,0.005210084791324992,0.005214928499281513
commit_to_receiver_latency_s,252,0.024829510098266432,0.025664847219623255,0.033668203435849975,0.03674730930010676,0.03844432995108349
dispatch_to_receiver_latency_s,252,0.04396364746900016,0.04646262997632533,0.04667350052635122,0.05637730932107479,0.0664835220944866
scheduled_to_receiver_latency_s,252,0.04452940937376182,0.046652206712115785,0.04682186651778153,0.0565225482742102,0.06661852209448682
