SurfaceName,TransitionCount,TrainerMatchedCount,ReceiverMatchedCount,TrainerMissCount,ReceiverMissCount,CommitToTrainerCount,CommitToTrainerMean_s,CommitToTrainerMedian_s,CommitToTrainerP95_s,CommitToTrainerP99_s,CommitToTrainerMax_s,CommitToReceiverCount,CommitToReceiverMean_s,CommitToReceiverMedian_s,CommitToReceiverP95_s,CommitToReceiverP99_s,CommitToReceiverMax_s,DispatchToReceiverCount,DispatchToReceiverMean_s,DispatchToReceiverMedian_s,DispatchToReceiverP95_s,DispatchToReceiverP99_s,DispatchToReceiverMax_s,ScheduledToReceiverCount,ScheduledToReceiverMean_s,ScheduledToReceiverMedian_s,ScheduledToReceiverP95_s,ScheduledToReceiverP99_s,ScheduledToReceiverMax_s
Aileron_L,115,63,63,52,52,63,3.04431920603693e-07,2.200914579475466e-07,1.0018705623338064e-06,1.3718063998169332e-06,1.4753827812796771e-06,63,0.022845402955409287,0.023472624968803757,0.03223550960251664,0.03351072954749483,0.03365313783999113,63,0.04197954032614302,0.04645019432860664,0.046665849605641796,0.04668375506592113,0.04668773163269968,63,0.04254530223090468,0.04663927976581306,0.046819188374707645,0.046829277741672684,0.046830317815315325
Aileron_R,115,63,63,52,52,63,0.0014688315268376047,0.0014686719932264225,0.0017192950335719105,0.0017219379026732185,0.001725678499280292,63,0.024115224383980796,0.024604505522511033,0.03332004457489433,0.03514206677301616,0.03615400185404383,63,0.04324936175471453,0.046458329783042984,0.046665849605641796,0.04668375506592113,0.04668773163269968,63,0.043815123659476186,0.04664642631146876,0.046819188374707645,0.046829277741672684,0.046830317815315325
Rudder,115,63,63,52,52,63,0.0029689585109646914,0.0029686117525820066,0.0034705109547068956,0.003474616611446848,0.003475558324105066,63,0.0257025061300125,0.02594717199322716,0.03368324403170888,0.03661411783262324,0.03736483337662122,63,0.04483664350074623,0.046465223392019084,0.046672737125494204,0.0542020980032762,0.06646237997632198,63,0.04540240540550789,0.04665773711276344,0.04682168012465571,0.054346741436499015,0.06661037997632491
Elevator,115,63,63,52,52,63,0.0044587680347745115,0.004458579951084118,0.005209827259222521,0.005212117902672091,0.005214928499281513,63,0.02665490692366314,0.026849361752582013,0.035780250601377614,0.03777504207491689,0.03844432995108349,63,0.04578904429439687,0.046465223392019084,0.046680536086418555,0.06647041398122454,0.0664835220944866,63,0.04635480619915853,0.0466641380859123,0.046827962901241985,0.06661347398122644,0.06661852209448682
