SurfaceName,IsActive,BoardCommitToReferenceCount,BoardCommitToReferenceMedian_s,BoardCommitToReferenceP95_s,ReferenceToTrainerCount,ReferenceToTrainerMedian_s,ReferenceToTrainerP95_s,TrainerToReceiverCount,TrainerToReceiverMedian_s,TrainerToReceiverP95_s
Aileron_L,1,3841,0.0019014993165527,0.00244058545991699,3838,0,0.0200260000000001,3780,0.00796600000000325,0.0190131999999943
Aileron_R,1,3841,0.0019014993165527,0.00244058545991699,3837,0.00146900000000016,0.0214949999999998,3779,0.0065179999999998,0.0174793000000015
Rudder,1,3841,0.0019014993165527,0.00244058545991699,3840,0.00296900000000022,0.022995,3780,0.0050955000000048,0.0159180999999993
Elevator,1,3841,0.0019014993165527,0.00244058545991699,3836,0.0044589999999971,0.0244849999999999,3778,0.00360400000000283,0.0144245999999978
