metric,count,mean_s,median_s,p95_s,p99_s,max_s
commit_to_trainer_latency_s,492,0.0022265356106771633,0.002094853628218374,0.005208518267881957,0.005214835527701283,0.0052157264151446725
commit_to_receiver_latency_s,382,0.005762584921095,0.005414363474095296,0.014248536512301513,0.016765667739108137,0.016856045612378523
dispatch_to_receiver_latency_s,382,0.026985706171256788,0.035889464408917604,0.03634913377285898,0.03637023038285747,0.0363777197104298
scheduled_to_receiver_latency_s,382,0.027131795176492817,0.03634075005323112,0.0364532047829087,0.03647782704721436,0.03647886445095594
