SurfaceName,TransitionCount,TrainerMatchedCount,ReceiverMatchedCount,TrainerMissCount,ReceiverMissCount,CommitToTrainerCount,CommitToTrainerMean_s,CommitToTrainerMedian_s,CommitToTrainerP95_s,CommitToTrainerP99_s,CommitToTrainerMax_s,CommitToReceiverCount,CommitToReceiverMean_s,CommitToReceiverMedian_s,CommitToReceiverP95_s,CommitToReceiverP99_s,CommitToReceiverMax_s,DispatchToReceiverCount,DispatchToReceiverMean_s,DispatchToReceiverMedian_s,DispatchToReceiverP95_s,DispatchToReceiverP99_s,DispatchToReceiverMax_s,ScheduledToReceiverCount,ScheduledToReceiverMean_s,ScheduledToReceiverMedian_s,ScheduledToReceiverP95_s,ScheduledToReceiverP99_s,ScheduledToReceiverMax_s
Aileron_L,123,123,123,0,0,123,0.01912567942160828,0.019991804243105094,0.020072159830230696,0.0200807670386569,0.020082000954300128,123,0.02094775665738052,0.02134499642659904,0.03031491544484126,0.032432534672255285,0.034912340692100585,123,0.03980261206846277,0.045522225889598644,0.05023790088960105,0.050312685889600674,0.07016897588960092,123,0.03996489662130888,0.04564272588960705,0.050361700889598994,0.05041468588960111,0.07028897588959993
Aileron_R,123,123,123,0,0,123,0.004799807470388716,0.0014932517849004512,0.017306679867954245,0.017547194872669394,0.017554876844094736,123,0.022573750559819552,0.02263242245959418,0.03282381831829042,0.0353112293121271,0.03549690148620144,123,0.041428605970901804,0.045584975889596535,0.05025050088960192,0.05031411588960097,0.07016897588960092,123,0.04159089052374791,0.04570447588960036,0.05037332588960162,0.05041925088960092,0.07028897588959993
Rudder,123,123,123,0,0,123,0.006297902998843798,0.002993251784900508,0.018806654867954364,0.01930202487266712,0.019305126844095355,123,0.024199744462258567,0.024163998580895907,0.034234047716741496,0.0364819274264115,0.03792289486089828,123,0.043054599873340815,0.04971972588960227,0.05025050088960192,0.05031411588960097,0.07016897588960092,123,0.04321688442618693,0.049921975889596126,0.05038595088960172,0.05042367588960154,0.07028897588959993
Elevator,123,123,123,0,0,123,0.0038976432761228565,0.004410898796493257,0.005243447331170259,0.016375780786236242,0.019516129434805407,123,0.025500585925673145,0.025308988900093254,0.03548958497346142,0.03785799015538466,0.038975356335498645,123,0.0443554413367554,0.04981297588960132,0.05026252588960034,0.05031626088960064,0.07016897588960092,123,0.044517725889601505,0.04996822588959304,0.05039737588960165,0.050434225889600025,0.07028897588959993
