metric,count,mean_s,median_s,p95_s,p99_s,max_s
commit_to_trainer_latency_s,492,0.008530258291740912,0.004381312504854407,0.020048221570716684,0.020074668716774192,0.020082000954300128
commit_to_receiver_latency_s,492,0.023305459401282945,0.023339153795102874,0.0339973563850009,0.03675975525570152,0.038975356335498645
dispatch_to_receiver_latency_s,492,0.04216031481236519,0.04933697588959518,0.05025172588960203,0.050319725889600875,0.07016897588960092
scheduled_to_receiver_latency_s,492,0.04232259936521131,0.04989672588960303,0.050376725889602625,0.05042560088960096,0.07028897588959993
