t_host_s,phase,fan_subject,visible,reason,x_w,y_w,z_w,visible_count,expected_count_ok
256958.2113711,prelaunch,Fan_1,True,ok,3.8667871077477045,2.0731379367129463,0.3710173529548326,4,True
256958.2121359,prelaunch,Fan_2,True,ok,4.564405568197595,2.728976472489077,0.37007585699824586,4,True
256958.2122007,prelaunch,Fan_3,True,ok,2.761402708327585,2.72464149372289,0.3692415211995671,4,True
256958.2122395,prelaunch,Fan_4,True,ok,4.957627957774104,1.841322332746948,0.36803162147891677,4,True
