t_host_s,phase,fan_subject,visible,reason,x_w,y_w,z_w,visible_count,expected_count_ok
257512.9178869,prelaunch,Fan_1,True,ok,3.8666883817761093,2.073645144973183,0.37005246152329874,4,True
257512.9184679,prelaunch,Fan_2,True,ok,4.563686719877306,2.7271176154829218,0.36865612597269404,4,True
257512.9185154,prelaunch,Fan_3,True,ok,2.7613221875620804,2.7297174465943495,0.3669911641978205,4,True
257512.9185443,prelaunch,Fan_4,True,ok,4.95710825602248,1.8423329796937975,0.36583544224941966,4,True
