t_host_s,phase,fan_subject,visible,reason,x_w,y_w,z_w,visible_count,expected_count_ok
257822.5885569,prelaunch,Fan_1,True,ok,3.8670898327290875,2.0740014394651816,0.36986008965980477,4,True
257822.5891,prelaunch,Fan_2,True,ok,4.56352578402867,2.7267698521722674,0.36799909586497115,4,True
257822.5892019,prelaunch,Fan_3,True,ok,2.763041305044418,2.7415454160536914,0.3623419256798802,4,True
257822.5892401,prelaunch,Fan_4,True,ok,4.956851182391475,1.8423078808144508,0.3650609296176328,4,True
