library_size_case_id,launch_count,safe_success_rate,full_safe_success_rate,hard_failure_rate,no_viable_primitive_rate,mean_launch_score
balanced_cluster,12,0.6666666666666666,0.0,0.3333333333333333,0.0,46.00449422410785
heavy_cluster,12,0.6666666666666666,0.0,0.3333333333333333,0.0,50.81761285442957
light_cluster,12,0.6666666666666666,0.0,0.3333333333333333,0.0,46.00449422410785
no_cluster_no_merge,12,0.6666666666666666,0.0,0.3333333333333333,0.0,44.32836227427082
super_light_cluster,12,0.6666666666666666,0.0,0.3333333333333333,0.0,46.00449422410785
