t_host_s,phase,fan_subject,visible,reason,x_w,y_w,z_w,visible_count,expected_count_ok
252790.0244438,prelaunch,Fan_1,True,ok,3.4537311005902516,2.3872133737904955,0.37310539368925494,3,True
252790.0252824,prelaunch,Fan_2,True,ok,4.771065272645419,2.428197893635829,0.3757836008200876,3,True
252790.0253498,prelaunch,Fan_3,True,ok,2.2389204694234026,2.1974078636657133,0.3680897048987432,3,True
252790.0253801,prelaunch,Fan_4,False,fan_subject_occluded,,,,3,True
