t_host_s,phase,fan_subject,visible,reason,x_w,y_w,z_w,visible_count,expected_count_ok
246838.4309272,prelaunch,Fan_1,True,ok,2.976625380277664,3.5826852668060014,0.3829859790407766,4,True
246838.43162,prelaunch,Fan_2,True,ok,5.423373747117395,3.577461006530225,0.3692467745973435,4,True
246838.4316663,prelaunch,Fan_3,True,ok,2.983466444991097,1.0835606179643165,0.3669385678955854,4,True
246838.4316928,prelaunch,Fan_4,True,ok,5.350746971393506,1.195768417532792,0.3626660837878316,4,True
