t_host_s,phase,fan_subject,visible,reason,x_w,y_w,z_w,visible_count,expected_count_ok
243822.3303898,prelaunch,Fan_1,True,ok,2.9765808106543425,3.582763955899159,0.38350281610888576,4,True
243822.3310805,prelaunch,Fan_2,True,ok,5.4187414897052895,3.6528552822872857,0.37402927684715487,4,True
243822.3311307,prelaunch,Fan_3,True,ok,3.0131115454313173,1.132275777563097,0.37093790303759905,4,True
243822.3311609,prelaunch,Fan_4,True,ok,5.363904457593699,1.1572620171517265,0.36401873095464554,4,True
