t_host_s,phase,fan_subject,visible,reason,x_w,y_w,z_w,visible_count,expected_count_ok
246567.2313112,prelaunch,Fan_1,True,ok,2.976699444073614,3.5826667251369546,0.38322970028696085,4,True
246567.2330572,prelaunch,Fan_2,True,ok,5.422896306420822,3.5762955734735073,0.3705678683841761,4,True
246567.2331041,prelaunch,Fan_3,True,ok,2.9782653168362883,1.0795743667346906,0.3657309390586995,4,True
246567.2331984,prelaunch,Fan_4,True,ok,5.356054840637835,1.173516971429714,0.3626382828741651,4,True
