t_host_s,phase,fan_subject,visible,reason,x_w,y_w,z_w,visible_count,expected_count_ok
257595.961022,prelaunch,Fan_1,True,ok,3.867097890495514,2.074022672567813,0.37070229988754166,4,True
257595.9629625,prelaunch,Fan_2,True,ok,4.563605268570189,2.7274395946817425,0.36892295247192597,4,True
257595.9630187,prelaunch,Fan_3,True,ok,2.7615247970412575,2.7307321781692298,0.3672337963512178,4,True
257595.9630488,prelaunch,Fan_4,True,ok,4.9573829510653615,1.8427619352306217,0.36691970063636103,4,True
