t_host_s,phase,fan_subject,visible,reason,x_w,y_w,z_w,visible_count,expected_count_ok
257996.9944082,prelaunch,Fan_1,True,ok,3.8662131064601937,2.0745897405825393,0.3699544148955476,4,True
257996.9950642,prelaunch,Fan_2,True,ok,4.5606499583102975,2.721904547291054,0.36970885736372006,4,True
257996.9951434,prelaunch,Fan_3,True,ok,2.761670296991234,2.72569878870012,0.36975006022270307,4,True
257996.995183,prelaunch,Fan_4,True,ok,4.956164471966624,1.8426488155863678,0.3655803999293765,4,True
