t_host_s,phase,fan_subject,visible,reason,x_w,y_w,z_w,visible_count,expected_count_ok
260507.0815504,prelaunch,Fan_1,True,ok,3.867327383816183,2.0775113534398186,0.3668954707843082,4,True
260507.0822984,prelaunch,Fan_2,True,ok,4.597737697133519,2.7577321450800305,0.37049351849873957,4,True
260507.0824002,prelaunch,Fan_3,True,ok,2.7625564298886074,2.740308198991254,0.362343161999242,4,True
260507.0824589,prelaunch,Fan_4,True,ok,4.928468600219348,1.893388632318275,0.36691145757952126,4,True
