t_host_s,phase,fan_subject,visible,reason,x_w,y_w,z_w,visible_count,expected_count_ok
252574.5403613,prelaunch,Fan_1,True,ok,3.453959973585209,2.3873813055553277,0.37295873108274963,3,True
252574.5408755,prelaunch,Fan_2,True,ok,4.771270492893491,2.4284459466713075,0.3759581252309709,3,True
252574.5409371,prelaunch,Fan_3,True,ok,2.2398750748255933,2.19739131193389,0.3682474647172604,3,True
252574.540959,prelaunch,Fan_4,False,fan_subject_occluded,,,,3,True
