t_host_s,phase,fan_subject,visible,reason,x_w,y_w,z_w,visible_count,expected_count_ok
243587.1613285,prelaunch,Fan_1,True,ok,2.977284726439935,3.582046305111077,0.38378962501467495,4,True
243587.1618268,prelaunch,Fan_2,True,ok,5.418966600882029,3.650486191678872,0.3743819525944391,4,True
243587.1619182,prelaunch,Fan_3,True,ok,3.0207637949890267,1.190038237742204,0.37015822722443625,4,True
243587.1619494,prelaunch,Fan_4,True,ok,5.361734794754216,1.1538403645933013,0.3646033281625236,4,True
