t_host_s,phase,fan_subject,visible,reason,x_w,y_w,z_w,visible_count,expected_count_ok
253004.7413178,prelaunch,Fan_1,True,ok,3.4537321577564004,2.3874136952150393,0.3731629283046875,3,True
253004.7420242,prelaunch,Fan_2,True,ok,4.771535551947915,2.427350542240161,0.37594756879255126,3,True
253004.7420852,prelaunch,Fan_3,True,ok,2.237525111356584,2.1984023768002547,0.36824171296807356,3,True
253004.7421116,prelaunch,Fan_4,False,fan_subject_occluded,,,,3,True
