SurfaceName,IsActive,BoardCommitToReferenceCount,BoardCommitToReferenceMedian_s,BoardCommitToReferenceP95_s,ReferenceToTrainerCount,ReferenceToTrainerMedian_s,ReferenceToTrainerP95_s,TrainerToReceiverCount,TrainerToReceiverMedian_s,TrainerToReceiverP95_s
Aileron_L,1,3848,0.00928884058449597,0.00966932898356694,3846,2.49999999368811e-07,2.50000006474238e-07,3777,0.00991450000000071,0.0188043000000018
Aileron_R,1,3848,0.00928884058449597,0.00966932898356694,3845,0.0014687500000008,0.00171900000000136,3776,0.00844574999999925,0.017311562499998
Rudder,1,3848,0.00928884058449597,0.00966932898356694,3848,0.00296874999999375,0.00346950000000135,3779,0.00695400000000745,0.0157283000000028
Elevator,1,3848,0.00928884058449597,0.00966932898356694,3837,0.00445850000000014,0.00520949999999942,3779,0.00551749999999984,0.0142767750000004
