SurfaceName,IsActive,BoardCommitToReferenceCount,BoardCommitToReferenceMedian_s,BoardCommitToReferenceP95_s,ReferenceToTrainerCount,ReferenceToTrainerMedian_s,ReferenceToTrainerP95_s,TrainerToReceiverCount,TrainerToReceiverMedian_s,TrainerToReceiverP95_s
Aileron_L,1,3842,-0.00453039187235049,-0.00441666625318189,3842,0.0200262500000008,0.0200267499999995,3794,-0.00395850000000131,0.0058004874999968
Aileron_R,1,3842,-0.00453039187235049,-0.00441666625318189,3841,0.0214947499999951,0.0217449999999957,3793,-0.0054185000000011,0.00433269999999623
Rudder,1,3842,-0.00453039187235049,-0.00441666625318189,3842,0.0229945000000029,0.0234952499999963,3794,-0.00692675000000698,0.0028318000000004
Elevator,1,3842,-0.00453039187235049,-0.00441666625318189,3827,0.00445875000000484,0.02448475,3783,0.00289399999999773,0.0151124499999995
