SurfaceName,IsActive,BoardCommitToReferenceCount,BoardCommitToReferenceMedian_s,BoardCommitToReferenceP95_s,ReferenceToTrainerCount,ReferenceToTrainerMedian_s,ReferenceToTrainerP95_s,TrainerToReceiverCount,TrainerToReceiverMedian_s,TrainerToReceiverP95_s
Aileron_L,1,3065,-0.000358948391443903,-0.000347571661390145,3064,0.0200259999999997,0.0200265000000002,2962,0.000217750000001793,0.0178629999999973
Aileron_R,1,3065,-0.000358948391443903,-0.000347571661390145,3062,0.0214944999999958,0.0217444999999969,2960,-0.00123175000000231,0.0164477749999989
Rudder,1,3065,-0.000358948391443903,-0.000347571661390145,3064,0.0229942500000035,0.0234949624999974,2962,-0.00268349999999806,0.0149313875000022
Elevator,1,3065,-0.000358948391443903,-0.000347571661390145,3045,0.00445875000000484,0.0244845000000002,2948,0.00174462499999883,0.0154259875000001
