SurfaceName,TransitionCount,TrainerMatchedCount,ReceiverMatchedCount,TrainerMissCount,ReceiverMissCount,CommitToTrainerCount,CommitToTrainerMean_s,CommitToTrainerMedian_s,CommitToTrainerP95_s,CommitToTrainerP99_s,CommitToTrainerMax_s,CommitToReceiverCount,CommitToReceiverMean_s,CommitToReceiverMedian_s,CommitToReceiverP95_s,CommitToReceiverP99_s,CommitToReceiverMax_s,DispatchToReceiverCount,DispatchToReceiverMean_s,DispatchToReceiverMedian_s,DispatchToReceiverP95_s,DispatchToReceiverP99_s,DispatchToReceiverMax_s,ScheduledToReceiverCount,ScheduledToReceiverMean_s,ScheduledToReceiverMedian_s,ScheduledToReceiverP95_s,ScheduledToReceiverP99_s,ScheduledToReceiverMax_s
Aileron_L,123,123,123,0,0,123,0.0009877976973304457,0.0003815593496199199,0.0020914455160280453,0.016271218279154474,0.021068375519760707,123,0.022126608791449096,0.02271239568943173,0.031865996932365796,0.03325754141176418,0.03442224697108287,123,0.04098146420253135,0.0483704612515794,0.05186483267890907,0.05201669449537107,0.07036615090869702,123,0.04114374875537714,0.04848835830303955,0.05201260236904304,0.05212937449536923,0.07048615090869603
Aileron_R,123,123,123,0,0,123,0.001771926941694066,0.001797141950014236,0.0035536107549987146,0.0037727074283994003,0.003919592988253839,123,0.02375260269388813,0.024260298961877425,0.033341040437060876,0.035896687774328126,0.03694454006256365,123,0.04260745810497038,0.048593652280871424,0.05186483267890907,0.05201669449537107,0.07036615090869702,123,0.04276974265781617,0.048693652280874744,0.05201260236904304,0.05212937449536923,0.07048615090869603
Rudder,123,123,123,0,0,123,0.0032434035068958896,0.003297141950014293,0.005111615700740656,0.0055230124283998806,0.005669842988254459,123,0.025378596596327147,0.025807583812124335,0.034806913444091946,0.03713916412062055,0.039316426575744856,123,0.0442334520074094,0.04992604533690681,0.05186483267890907,0.05201669449537107,0.07036615090869702,123,0.04439573656025519,0.05007640265820257,0.05201260236904304,0.05212937449536923,0.07048615090869603
Elevator,123,123,123,0,0,123,0.004730923832099469,0.004787141950011176,0.006678409981448396,0.007263262428397326,0.007410092988251904,123,0.026679438059741725,0.027082104033993915,0.03662500308720275,0.039030765256204844,0.04031529984449378,123,0.045534293470823974,0.05008895987941031,0.05186483267890907,0.05201669449537107,0.07036615090869702,123,0.04569657802366976,0.0502214231478213,0.05201260236904304,0.05212937449536923,0.07048615090869603
