metric,count,mean_s,median_s,p95_s,p99_s,max_s
commit_to_trainer_latency_s,492,0.0026835129945049674,0.0024665916382353714,0.005975450264385528,0.0070612115782326835,0.021068375519760707
commit_to_receiver_latency_s,492,0.024484311535351525,0.025046968204994968,0.03461710867016094,0.03725923121795903,0.04031529984449378
dispatch_to_receiver_latency_s,492,0.04333916694643378,0.0497344123410306,0.05186746312619306,0.05201777184669254,0.07036615090869702
scheduled_to_receiver_latency_s,492,0.043501451499279566,0.049931632168583207,0.05201617339602649,0.052131771846688935,0.07048615090869603
