surface_name,time_s,pulse_us,sample_index,sample_count,sample_rate_hz,frame_index
Aileron_L,0.062749,1251,250996,5004,4000000,1
Aileron_R,0.074,1250,296000,5000,4000000,1
Elevator,0.09575,1000,383000,4000,4000000,1
Rudder,0.08525,1000,341000,4000,4000000,1
