t_host_s,phase,fan_subject,visible,reason,x_w,y_w,z_w,visible_count,expected_count_ok
243033.6187155,prelaunch,Fan_1,True,ok,2.976918921586875,3.577549505180408,0.3842524696933943,4,True
243033.6205226,prelaunch,Fan_2,True,ok,5.418258258580069,3.6405848690157487,0.3756968727866606,4,True
243033.6206458,prelaunch,Fan_3,True,ok,3.019741160910062,1.1887540013980051,0.3700193572810293,4,True
243033.6207114,prelaunch,Fan_4,True,ok,5.348950593936226,1.1607059048890636,0.3647876251838942,4,True
