t_host_s,phase,fan_subject,visible,reason,x_w,y_w,z_w,visible_count,expected_count_ok
243342.2993323,prelaunch,Fan_1,True,ok,2.9768670495489298,3.5856614783782073,0.383675379099167,4,True
243342.3000994,prelaunch,Fan_2,True,ok,5.419770193290952,3.6511207428416492,0.3748022383437324,4,True
243342.3001623,prelaunch,Fan_3,True,ok,3.019012082678934,1.1885164351020123,0.36903143582933196,4,True
243342.3001994,prelaunch,Fan_4,True,ok,5.357115626876577,1.1559169111363465,0.3645959226217192,4,True
