t_host_s,phase,fan_subject,visible,reason,x_w,y_w,z_w,visible_count,expected_count_ok
260347.9099675,prelaunch,Fan_1,True,ok,3.867462363593359,2.076688195358272,0.3671336939930393,4,True
260347.910686,prelaunch,Fan_2,True,ok,4.59787742177282,2.7570055598386296,0.3707824792731078,4,True
260347.9107407,prelaunch,Fan_3,True,ok,2.7625051305363852,2.734751870458262,0.3646579261463241,4,True
260347.9107718,prelaunch,Fan_4,True,ok,4.928488280375156,1.8926463222235732,0.36720572211402336,4,True
