t_host_s,phase,fan_subject,visible,reason,x_w,y_w,z_w,visible_count,expected_count_ok
251001.1099602,prelaunch,Fan_1,True,ok,3.453220327182858,2.385857045449132,0.3729440954795052,3,True
251001.1115383,prelaunch,Fan_2,True,ok,4.764285287828905,2.441396177268526,0.3766245983202307,3,True
251001.1115814,prelaunch,Fan_3,True,ok,2.2412969158565215,2.1956802444624732,0.3693627894214812,3,True
251001.1115986,prelaunch,Fan_4,False,fan_subject_occluded,,,,3,True
