SurfaceName,IsActive,BoardCommitToReferenceCount,BoardCommitToReferenceMedian_s,BoardCommitToReferenceP95_s,ReferenceToTrainerCount,ReferenceToTrainerMedian_s,ReferenceToTrainerP95_s,TrainerToReceiverCount,TrainerToReceiverMedian_s,TrainerToReceiverP95_s
Aileron_L,1,312,-0.000116488383471891,0.00857965830729614,311,0.0200009999999997,0.020002,309,-0.00925799999999999,-0.00923299999999999
Aileron_R,1,312,-0.000116488383471891,0.00857965830729614,311,0.0214910000000001,0.0214920000000003,309,-0.0107490000000001,-0.010723
Rudder,1,312,-0.000116488383471891,0.00857965830729614,311,0.0229889999999999,0.0229900000000001,309,-0.0122469999999999,-0.012221
Elevator,1,312,-0.000116488383471891,0.00857965830729614,311,0.0244770000000001,0.0244780000000002,309,-0.0137350000000001,-0.013709
