t_host_s,phase,fan_subject,visible,reason,x_w,y_w,z_w,visible_count,expected_count_ok
250393.2476184,prelaunch,Fan_1,True,ok,3.4533960824855656,2.3854792859148986,0.37369856502095744,3,True
250393.2486507,prelaunch,Fan_2,True,ok,4.763071482273523,2.4444252548853647,0.37717457942647326,3,True
250393.2487492,prelaunch,Fan_3,True,ok,2.2416981419649638,2.192678494377067,0.3702606130492608,3,True
250393.24878,prelaunch,Fan_4,False,fan_subject_occluded,,,,3,True
