t_host_s,phase,fan_subject,visible,reason,x_w,y_w,z_w,visible_count,expected_count_ok
250269.2999537,prelaunch,Fan_1,True,ok,3.453648993129569,2.385891708259994,0.3734422562034244,3,True
250269.3005514,prelaunch,Fan_2,True,ok,4.763810670448728,2.444710285876379,0.3768673112103652,3,True
250269.300603,prelaunch,Fan_3,True,ok,2.2398385164412438,2.192764034020482,0.3695929623249885,3,True
250269.3006244,prelaunch,Fan_4,False,fan_subject_occluded,,,,3,True
