t_host_s,phase,fan_subject,visible,reason,x_w,y_w,z_w,visible_count,expected_count_ok
246129.6414367,prelaunch,Fan_1,True,ok,2.97669992949971,3.5826902614942253,0.38282025824911947,4,True
246129.6420812,prelaunch,Fan_2,True,ok,5.422698541126419,3.5756853548620073,0.36994862343219825,4,True
246129.642132,prelaunch,Fan_3,True,ok,2.9815134708840465,1.0764899898204647,0.3672556082287061,4,True
246129.6422662,prelaunch,Fan_4,True,ok,5.364234958841485,1.1654815251644344,0.36203356331067443,4,True
