t_host_s,phase,fan_subject,visible,reason,x_w,y_w,z_w,visible_count,expected_count_ok
245829.125609,prelaunch,Fan_1,True,ok,2.977008127734071,3.5825410210514192,0.38344390304720477,4,True
245829.1275534,prelaunch,Fan_2,True,ok,5.423003773840774,3.575255078535042,0.3702844837596443,4,True
245829.1276133,prelaunch,Fan_3,True,ok,2.9805249937440466,1.0778069777372705,0.36903245067872736,4,True
245829.1277175,prelaunch,Fan_4,True,ok,5.363024251713616,1.165272616891743,0.3629450092383215,4,True
