SurfaceName,IsActive,BoardCommitToReferenceCount,BoardCommitToReferenceMedian_s,BoardCommitToReferenceP95_s,ReferenceToTrainerCount,ReferenceToTrainerMedian_s,ReferenceToTrainerP95_s,TrainerToReceiverCount,TrainerToReceiverMedian_s,TrainerToReceiverP95_s
Aileron_L,1,3835,0.00593356229433084,0.00627891455200009,3834,2.49999999368811e-07,2.50000006474238e-07,3752,0.00949212500000129,0.0190204750000035
Aileron_R,1,3835,0.00593356229433084,0.00627891455200009,3833,0.0014687500000008,0.00171900000000136,3751,0.00802325000000081,0.0174413749999953
Rudder,1,3835,0.00593356229433084,0.00627891455200009,3834,0.0029687499999973,0.00346950000000135,3752,0.0065237499999995,0.015908324999999
Elevator,1,3835,0.00593356229433084,0.00627891455200009,3830,0.00445850000000192,0.00520974999999879,3753,0.00503449999999717,0.0144171499999992
