SurfaceName,TransitionCount,TrainerMatchedCount,ReceiverMatchedCount,TrainerMissCount,ReceiverMissCount,CommitToTrainerCount,CommitToTrainerMean_s,CommitToTrainerMedian_s,CommitToTrainerP95_s,CommitToTrainerP99_s,CommitToTrainerMax_s,CommitToReceiverCount,CommitToReceiverMean_s,CommitToReceiverMedian_s,CommitToReceiverP95_s,CommitToReceiverP99_s,CommitToReceiverMax_s,DispatchToReceiverCount,DispatchToReceiverMean_s,DispatchToReceiverMedian_s,DispatchToReceiverP95_s,DispatchToReceiverP99_s,DispatchToReceiverMax_s,ScheduledToReceiverCount,ScheduledToReceiverMean_s,ScheduledToReceiverMedian_s,ScheduledToReceiverP95_s,ScheduledToReceiverP99_s,ScheduledToReceiverMax_s
Aileron_L,119,119,119,0,0,119,1.188583174545775e-06,1.3056545213885329e-06,2.8120909362883134e-06,3.1279371975756473e-06,3.530981608435013e-06,119,0.021829254822549878,0.021777511434706298,0.03224695043771692,0.03365268042524679,0.03382482370605544,119,0.040157290874969775,0.03516430074835597,0.055200127018636455,0.05525011410881984,0.055255665707269586,119,0.04030909759765886,0.03528799120385173,0.0553440994591833,0.055355737670458004,0.05535966570726991
Aileron_R,119,119,119,0,0,119,0.0014656644864153006,0.001469689830926768,0.0017206888321183555,0.0017216013668823393,0.001722540615119783,119,0.0230057107049028,0.022853731049352177,0.03298210673730732,0.03380119101565498,0.0361079834431024,119,0.041333746757322695,0.03518144887669905,0.05522789945918376,0.05525011410881984,0.055255665707269586,119,0.04148555348001179,0.03529324251926269,0.055348157654847796,0.05535863856594002,0.05535966570726991
Rudder,119,119,119,0,0,119,0.0029615510410372172,0.0029695785095746885,0.0034716210834368154,0.0034758184870297983,0.0034787704550964804,119,0.02485442709145738,0.024979360998141686,0.03387448079716044,0.036280274726610454,0.036554370932833535,119,0.043182463143877275,0.035212029501202835,0.05522789945918376,0.05525011410881984,0.055255665707269586,119,0.04333426986656637,0.035327235858630956,0.055348157654847796,0.05535863856594002,0.05535966570726991
Elevator,119,119,119,0,0,119,0.004615193898180317,0.0044595947644552325,0.0052118110979947115,0.005214047032351487,0.024485276775287446,119,0.02586287457044917,0.025635859809128192,0.03530237373147145,0.03652129289947794,0.03860150450150357,119,0.04419091062286907,0.03522086150798387,0.055236449059546014,0.055250954761175954,0.055255915707268954,119,0.04434271734555816,0.035335069180820966,0.05535128251829171,0.05535878118482856,0.05535991570726928
