metric,count,mean_s,median_s,p95_s,p99_s,max_s
commit_to_trainer_latency_s,476,0.002260899502201845,0.002094813028953979,0.005209349039510869,0.005211871309338534,0.024485276775287446
commit_to_receiver_latency_s,476,0.023888066797339808,0.0237985505338969,0.03369353098160843,0.03631809476445369,0.03860150450150357
dispatch_to_receiver_latency_s,476,0.042216102849759705,0.03519997000684327,0.05522708272646781,0.05525088992721594,0.055255915707268954
scheduled_to_receiver_latency_s,476,0.04236790957244879,0.035319233885518386,0.0553478614912688,0.055359177612826826,0.05535991570726928
