t_host_s,phase,fan_subject,visible,reason,x_w,y_w,z_w,visible_count,expected_count_ok
258036.6567466,prelaunch,Fan_1,True,ok,3.866717347755613,2.0747711835976057,0.3693617320644803,4,True
258036.6574273,prelaunch,Fan_2,True,ok,4.561256056400065,2.7230737905725046,0.36853149512676764,4,True
258036.6575286,prelaunch,Fan_3,True,ok,2.761598352667382,2.7262670030810003,0.36849941911123296,4,True
258036.6576257,prelaunch,Fan_4,True,ok,4.95667112164806,1.8427178211844266,0.3648301279239148,4,True
