t_host_s,phase,fan_subject,visible,reason,x_w,y_w,z_w,visible_count,expected_count_ok
247047.653529,prelaunch,Fan_1,True,ok,2.977245862897743,3.582129701658393,0.3837273794453495,4,True
247047.6556558,prelaunch,Fan_2,True,ok,5.423508376375073,3.5774953288519313,0.36935764124957443,4,True
247047.6557203,prelaunch,Fan_3,True,ok,2.9818184475746734,1.080893693064266,0.36683336684611156,4,True
247047.6557919,prelaunch,Fan_4,True,ok,5.36077164078621,1.1879861073803903,0.3629893409310515,4,True
