SurfaceName,IsActive,BoardCommitToReferenceCount,BoardCommitToReferenceMedian_s,BoardCommitToReferenceP95_s,ReferenceToTrainerCount,ReferenceToTrainerMedian_s,ReferenceToTrainerP95_s,TrainerToReceiverCount,TrainerToReceiverMedian_s,TrainerToReceiverP95_s
Aileron_L,1,649,-6.4476498188526e-05,0.00903069010711544,649,1.00000000002876e-06,1.00000000102796e-06,649,0.000282000000000004,0.000291999999999959
Aileron_R,1,649,-6.4476498188526e-05,0.00903069010711544,649,0.00149099999999969,0.0017409999999991,649,-0.00120999999999993,-0.00119699999999945
Rudder,1,649,-6.4476498188526e-05,0.00903069010711544,649,0.00298899999999991,0.0034889999999983,649,-0.00270799999999999,-0.00269499999999994
Elevator,1,649,-6.4476498188526e-05,0.00903069010711544,649,0.00447699999999962,0.0052260000000004,649,-0.00419599999999987,-0.00418299999999938
