metric,count,mean_s,median_s,p95_s,p99_s,max_s
scheduled_to_receiver_latency_s,196,0.0263232538265306,0.0267315,0.04673725,0.04673775,0.04673775
dispatch_to_receiver_latency_s,196,0.0260776415816327,0.02656775,0.04657525,0.0465865,0.0465865
anchor_to_receiver_latency_s,196,0.0161213048469388,0.01612125,0.0161235,0.0161235,0.0161235
