metric,count,mean_s,median_s,p95_s,p99_s,max_s
commit_to_trainer_latency_s,492,0.0022493195399540446,0.002117004267995881,0.00520684960373341,0.005254433949014512,0.005263189492936249
commit_to_receiver_latency_s,492,0.0002134740097052148,0.00021260688709645592,0.0002632651657563656,0.0002667342471074363,0.0002674620965450458
dispatch_to_receiver_latency_s,492,0.0169968988064527,0.01707095795046598,0.017134115881709988,0.017143504668226228,0.0171440151657567
scheduled_to_receiver_latency_s,492,0.01720944352190044,0.01720927912978709,0.017259015165755898,0.017263212096544578,0.017263342114972602
