metric,count,mean_s,median_s,p95_s,p99_s,max_s
commit_to_trainer_latency_s,919,0.008202437037942144,0.004391161294915236,0.02002419218134328,0.020050097178076952,0.020058488828748722
commit_to_receiver_latency_s,919,0.018864933253506123,0.01585272670655513,0.03585735176836806,0.035912622519697096,0.03591884503046572
dispatch_to_receiver_latency_s,919,0.040586708280709635,0.03760965683381556,0.05762246661621617,0.05767927633962344,0.05772093774089626
scheduled_to_receiver_latency_s,919,0.04079270284001332,0.037780476706558375,0.05778510176836491,0.05784037251969778,0.05784659503046896
