metric,count,mean_s,median_s,p95_s,p99_s,max_s
commit_to_trainer_latency_s,919,0.008202437037942144,0.004391161294915236,0.02002419218134328,0.020050097178076952,0.020058488828748722
commit_to_receiver_latency_s,919,0.0158357675862989,0.015835278615874415,0.0158518782779268,0.015853239816327972,0.015853577071737845
dispatch_to_receiver_latency_s,919,0.037557542613502415,0.03760064456947276,0.03763386923025678,0.03764697715791243,0.037666806562619115
scheduled_to_receiver_latency_s,919,0.037763537172806096,0.037763111204313304,0.03777962827793004,0.03778098981633121,0.03778132707174109
