SurfaceName,TransitionCount,TrainerMatchedCount,ReceiverMatchedCount,TrainerMissCount,ReceiverMissCount,CommitToTrainerCount,CommitToTrainerMean_s,CommitToTrainerMedian_s,CommitToTrainerP95_s,CommitToTrainerP99_s,CommitToTrainerMax_s,CommitToReceiverCount,CommitToReceiverMean_s,CommitToReceiverMedian_s,CommitToReceiverP95_s,CommitToReceiverP99_s,CommitToReceiverMax_s,DispatchToReceiverCount,DispatchToReceiverMean_s,DispatchToReceiverMedian_s,DispatchToReceiverP95_s,DispatchToReceiverP99_s,DispatchToReceiverMax_s,ScheduledToReceiverCount,ScheduledToReceiverMean_s,ScheduledToReceiverMedian_s,ScheduledToReceiverP95_s,ScheduledToReceiverP99_s,ScheduledToReceiverMax_s
Aileron_L,292,292,292,0,0,292,0.019966373247293303,0.01995123086046746,0.020048081532128136,0.020052827664260083,0.020058488828748722,292,0.01583567075861034,0.015835243244865183,0.01585163354151149,0.015853160587429898,0.015853577071737845,292,0.03756317075861045,0.03760247726563648,0.03763510317562542,0.03764854730223462,0.037666806562619115,292,0.03776343788189831,0.03776306991009193,0.037779383541506915,0.03778091058743314,0.03778132707174109
Aileron_R,292,292,292,0,0,292,0.0014530410555126055,0.00144948970023151,0.0015485036578857247,0.0015661676601295583,0.001570392395862541,292,0.015835669902445962,0.015835243244865183,0.01585163354151149,0.015853160587429898,0.015853577071737845,292,0.03756316990244608,0.03760247726563648,0.03763510317562542,0.03764854730223462,0.037666806562619115,292,0.037763437025733926,0.03776306991009193,0.037779383541506915,0.03778091058743314,0.03778132707174109
Rudder,139,139,139,0,0,139,0.0029577464312101373,0.0029414524577298096,0.0030378931176599623,0.003041359363715799,0.003041621814460882,139,0.015836799003543452,0.01583657952185291,0.01585250276972232,0.015853498198219997,0.015853577071737845,139,0.03756474324814824,0.03759964613106348,0.037631189368470784,0.03764538186282607,0.03765505013460313,139,0.03776459936325554,0.03776432952184905,0.03778025276972556,0.03778124819820903,0.03778132707174109
Elevator,196,196,196,0,0,196,0.004451244426078045,0.004440041354857982,0.004538108040111677,0.00454676594426715,0.004548056035144299,196,0.015835325904529123,0.015835144172385185,0.015851766400860612,0.015853190689065856,0.015853468555761197,196,0.037535667741263296,0.03759657180822096,0.03762849643528732,0.03763583650310594,0.037638463689347645,196,0.03776308100656976,0.037762894172384875,0.0377795164008603,0.037780940689068385,0.03778121855576444
