t_host_s,phase,fan_subject,visible,reason,x_w,y_w,z_w,visible_count,expected_count_ok
250966.9819316,prelaunch,Fan_1,True,ok,3.4536973991545077,2.3871709901986824,0.3736935371706698,3,True
250966.9823481,prelaunch,Fan_2,True,ok,4.764642610315049,2.4429561904483448,0.37645589862641926,3,True
250966.9823864,prelaunch,Fan_3,True,ok,2.2415232193836854,2.1964422925503557,0.37018672396223035,3,True
250966.9824029,prelaunch,Fan_4,False,fan_subject_occluded,,,,3,True
