t_host_s,phase,fan_subject,visible,reason,x_w,y_w,z_w,visible_count,expected_count_ok
243679.6159226,prelaunch,Fan_1,True,ok,2.977060669650132,3.5819223410729615,0.38360068655025586,4,True
243679.6177192,prelaunch,Fan_2,True,ok,5.421082105539783,3.652053576974561,0.3737863314128693,4,True
243679.6177653,prelaunch,Fan_3,True,ok,3.0235059587661746,1.1864351732496534,0.36936684258917196,4,True
243679.6177915,prelaunch,Fan_4,True,ok,5.3611979567584225,1.1547604422704703,0.3643147117164084,4,True
