policy_id,primitive_execution_count,continuation_agreement_rate,terminal_agreement_rate,hard_failure_agreement_rate,mean_energy_residual_actual_m,mean_lift_dwell_actual_s
context_only_without_memory,195,0.7435897435897436,0.8666666666666667,0.4205128205128205,-0.20510453570615178,0.24051282051282058
context_plus_memory_lambda_0_5,195,0.7435897435897436,0.8666666666666667,0.4205128205128205,-0.20510453570615178,0.24051282051282058
context_plus_memory_lambda_0_8,195,0.7435897435897436,0.8666666666666667,0.4205128205128205,-0.20510453570615178,0.24051282051282058
context_plus_memory_lambda_0_95,195,0.7435897435897436,0.8666666666666667,0.4205128205128205,-0.20510453570615178,0.24051282051282058
no_memory_baseline,195,0.7435897435897436,0.8666666666666667,0.4205128205128205,-0.20510453570615178,0.24051282051282058
static_map_baseline,195,0.7435897435897436,0.8666666666666667,0.4205128205128205,-0.20510453570615178,0.24051282051282058
