t_host_s,phase,fan_subject,visible,reason,x_w,y_w,z_w,visible_count,expected_count_ok
241923.3036912,prelaunch,Fan_1,True,ok,2.9755234364896834,3.578291674305401,0.38539939432713743,4,True
241923.3044175,prelaunch,Fan_2,True,ok,5.419228458129378,3.6401454203746675,0.377367427157522,4,True
241923.3044947,prelaunch,Fan_3,True,ok,3.0119608276017216,1.1945187094136653,0.37261821126122696,4,True
241923.3045341,prelaunch,Fan_4,True,ok,5.353597320044715,1.1717176567203946,0.36883902046737554,4,True
