t_host_s,phase,fan_subject,visible,reason,x_w,y_w,z_w,visible_count,expected_count_ok
258717.2212901,prelaunch,Fan_1,True,ok,3.866987764383994,2.0769358983053143,0.36812381689168794,4,True
258717.221935,prelaunch,Fan_2,True,ok,4.560034243774617,2.7215973964352984,0.36811992684283257,4,True
258717.2219836,prelaunch,Fan_3,True,ok,2.761833773079983,2.730769397336336,0.3665421903687339,4,True
258717.2220136,prelaunch,Fan_4,True,ok,4.956443193268782,1.8429104771815972,0.3647827216320778,4,True
