t_host_s,phase,fan_subject,visible,reason,x_w,y_w,z_w,visible_count,expected_count_ok
243267.9672282,prelaunch,Fan_1,True,ok,2.9774135745512043,3.579254413812983,0.3842257765420608,4,True
243267.9689453,prelaunch,Fan_2,True,ok,5.420163683132877,3.6446417818127492,0.374432511573075,4,True
243267.9690013,prelaunch,Fan_3,True,ok,3.01958682577291,1.1884091901099552,0.36906927120564315,4,True
243267.9690344,prelaunch,Fan_4,True,ok,5.355976104566717,1.1564523159280622,0.36471498997714913,4,True
