t_host_s,phase,fan_subject,visible,reason,x_w,y_w,z_w,visible_count,expected_count_ok
257290.2259777,prelaunch,Fan_1,True,ok,3.8668924203092687,2.0734749819441363,0.37044145868468636,4,True
257290.2267278,prelaunch,Fan_2,True,ok,4.564916733933991,2.7293402757665715,0.368600925855584,4,True
257290.2267923,prelaunch,Fan_3,True,ok,2.761114789333379,2.7271648647208373,0.3683162728811027,4,True
257290.2268353,prelaunch,Fan_4,True,ok,4.9572953310500525,1.8422283035375977,0.366382088434393,4,True
