t_host_s,phase,fan_subject,visible,reason,x_w,y_w,z_w,visible_count,expected_count_ok
243019.7262382,prelaunch,Fan_1,True,ok,2.9767847791601643,3.577538857677645,0.38421130920854507,4,True
243019.7279843,prelaunch,Fan_2,True,ok,5.418145851714877,3.6414716588881433,0.3751904544004052,4,True
243019.7280492,prelaunch,Fan_3,True,ok,3.0200119240068086,1.1904088500528993,0.3700144031727548,4,True
243019.7280801,prelaunch,Fan_4,True,ok,5.348997334839753,1.160767295876097,0.36487527718154333,4,True
