{
  "calibration_mode": "four_fan",
  "check_count": 46,
  "current_attitude_offset_rad": [
    0.0007439979282497512,
    7.203523529364376e-05,
    0.0006251279824196487
  ],
  "current_attitude_signs_phi_theta_psi": [
    1.0,
    -1.0,
    -1.0
  ],
  "current_position_offset_m": [
    3.870777309775952,
    2.4944796384255516,
    0.037177300662830134
  ],
  "current_yaw_alignment_deg": 0.0,
  "elapsed_s": 450.0936858000059,
  "error_axis": "xy",
  "error_metric": "max_abs_xy_per_axis",
  "latest_rows": [
    {
      "all_visible": true,
      "all_within_tolerance": true,
      "check_index": 46,
      "dx_m": -0.0267746659755006,
      "dy_m": -0.02039872799045428,
      "dz_m": -0.3621508308404551,
      "elapsed_s": 450.0923414999852,
      "error_axis": "xy",
      "error_m": 0.0267746659755006,
      "fan_subject": "Fan_1",
      "frame_number": 4893799,
      "raw_x_m": -0.8975519757514526,
      "raw_y_m": 1.0851216335839942,
      "raw_z_m": 0.3506718684967148,
      "reason": "ok",
      "target_x_w_m": 3.0,
      "target_y_w_m": 3.6,
      "target_z_w_m": 0.75,
      "visible": true,
      "within_tolerance": true,
      "x_w_m": 2.9732253340244994,
      "y_w_m": 3.579601272009546,
      "z_w_m": 0.3878491691595449
    },
    {
      "all_visible": true,
      "all_within_tolerance": true,
      "check_index": 46,
      "dx_m": 0.014829512571151504,
      "dy_m": 0.036840438160316236,
      "dz_m": -0.36852835976175685,
      "elapsed_s": 450.0923414999852,
      "error_axis": "xy",
      "error_m": 0.036840438160316236,
      "fan_subject": "Fan_2",
      "frame_number": 4893799,
      "raw_x_m": 1.5440522027952,
      "raw_y_m": 1.142360799734765,
      "raw_z_m": 0.344294339575413,
      "reason": "ok",
      "target_x_w_m": 5.4,
      "target_y_w_m": 3.6,
      "target_z_w_m": 0.75,
      "visible": true,
      "within_tolerance": true,
      "x_w_m": 5.414829512571152,
      "y_w_m": 3.6368404381603163,
      "z_w_m": 0.38147164023824315
    },
    {
      "all_visible": true,
      "all_within_tolerance": true,
      "check_index": 46,
      "dx_m": 0.011367809212249114,
      "dy_m": -0.004310064141062275,
      "dz_m": -0.3738803448355309,
      "elapsed_s": 450.0923414999852,
      "error_axis": "xy",
      "error_m": 0.011367809212249114,
      "fan_subject": "Fan_3",
      "frame_number": 4893799,
      "raw_x_m": -0.859409500563703,
      "raw_y_m": -1.298789702566614,
      "raw_z_m": 0.33894235450163895,
      "reason": "ok",
      "target_x_w_m": 3.0,
      "target_y_w_m": 1.2,
      "target_z_w_m": 0.75,
      "visible": true,
      "within_tolerance": true,
      "x_w_m": 3.011367809212249,
      "y_w_m": 1.1956899358589377,
      "z_w_m": 0.3761196551644691
    },
    {
      "all_visible": true,
      "all_within_tolerance": true,
      "check_index": 46,
      "dx_m": -0.03883780377354196,
      "dy_m": -0.03598468944398947,
      "dz_m": -0.4453352857235332,
      "elapsed_s": 450.0923414999852,
      "error_axis": "xy",
      "error_m": 0.03883780377354196,
      "fan_subject": "Fan_4",
      "frame_number": 4893799,
      "raw_x_m": 1.4903848864505065,
      "raw_y_m": -1.3304643278695412,
      "raw_z_m": 0.26748741361363665,
      "reason": "ok",
      "target_x_w_m": 5.4,
      "target_y_w_m": 1.2,
      "target_z_w_m": 0.75,
      "visible": true,
      "within_tolerance": true,
      "x_w_m": 5.361162196226458,
      "y_w_m": 1.1640153105560105,
      "z_w_m": 0.3046647142764668
    }
  ],
  "loaded_active_profile_hash": "c5de8677a8205ec8bb3d8d39dc61649ab2f2e5c14531fb69a05a734f602743f4",
  "loaded_active_profile_id": "nausicaa_real_flight_vicon_calibration_20260607_200041_position+nausicaa_real_flight_vicon_calibration_20260604_125825_attitude",
  "notes": "Fan check modes do not update calibration files. Live Vicon fan translations are transformed through the active arena transform before independent horizontal x/y comparison. Measured z is displayed and logged for operator awareness only; fan height is not part of the placement tolerance. The fixed simulation targets mirror 03_Control/04_Scenarios/updraft_models.py; runtime replay fan positions are listed separately because they are hardware-free placeholders, not the target for physical placement.",
  "print_interval_s": 10.0,
  "requested_error_axis": "xy",
  "runtime_replay_fan_positions_m": {
    "Fan_1": [
      2.7,
      1.6,
      0.75
    ],
    "Fan_2": [
      2.7,
      2.8,
      0.75
    ],
    "Fan_3": [
      4.5,
      1.6,
      0.75
    ],
    "Fan_4": [
      4.5,
      2.8,
      0.75
    ]
  },
  "simulation_target_positions_m": {
    "Fan_1": [
      3.0,
      3.6,
      0.75
    ],
    "Fan_2": [
      5.4,
      3.6,
      0.75
    ],
    "Fan_3": [
      3.0,
      1.2,
      0.75
    ],
    "Fan_4": [
      5.4,
      1.2,
      0.75
    ]
  },
  "status": "within_tolerance",
  "timeout_s": 0.0,
  "tolerance_applies_per_axis": true,
  "tolerance_m": 0.05,
  "tracked_fan_subject_names": [
    "Fan_1",
    "Fan_2",
    "Fan_3",
    "Fan_4"
  ],
  "vicon_default_fan_subject_names": [
    "Fan_1",
    "Fan_2",
    "Fan_3",
    "Fan_4"
  ],
  "vicon_host": "192.168.0.100:801",
  "z_display_only": true
}