t_host_s,phase,fan_subject,visible,reason,x_w,y_w,z_w,visible_count,expected_count_ok
243209.2050905,prelaunch,Fan_1,True,ok,2.977244012293879,3.5795437664782876,0.38381176346465457,4,True
243209.2069226,prelaunch,Fan_2,True,ok,5.420456385986027,3.6449261677111293,0.37474308206480617,4,True
243209.2069782,prelaunch,Fan_3,True,ok,3.0201115789075605,1.1894277840362677,0.3690640069484875,4,True
243209.2070789,prelaunch,Fan_4,True,ok,5.352727365556097,1.1572571077573126,0.36465672990411124,4,True
