policy_id,primitive_execution_count,continuation_agreement_rate,terminal_agreement_rate,hard_failure_agreement_rate,mean_energy_residual_actual_m,mean_lift_dwell_actual_s
context_only_without_memory,49,0.7551020408163265,0.9183673469387755,0.4489795918367347,-0.21432744589622668,0.24612244897959193
context_plus_memory_lambda_0_5,48,0.8125,0.9583333333333334,0.3333333333333333,-0.26536956680122464,0.20625000000000004
context_plus_memory_lambda_0_8,51,0.7450980392156863,0.9019607843137255,0.4117647058823529,-0.2563607592698864,0.24627450980392165
context_plus_memory_lambda_0_95,53,0.7547169811320755,0.9245283018867925,0.41509433962264153,-0.32642235644820966,0.20792452830188685
no_memory_baseline,46,0.782608695652174,0.9782608695652174,0.391304347826087,-0.2682379978666875,0.22173913043478266
static_map_baseline,52,0.75,0.9615384615384616,0.46153846153846156,-0.24505638299329138,0.25576923076923086
