t_host_s,phase,fan_subject,visible,reason,x_w,y_w,z_w,visible_count,expected_count_ok
245866.0964932,prelaunch,Fan_1,True,ok,2.976707285914923,3.582837674569948,0.3829309844185936,4,True
245866.0971964,prelaunch,Fan_2,True,ok,5.423205518381366,3.5750381683046477,0.36993906203241633,4,True
245866.0972478,prelaunch,Fan_3,True,ok,2.981050188254302,1.0775229043050192,0.368474289889323,4,True
245866.0972799,prelaunch,Fan_4,True,ok,5.362846332379196,1.165732982212437,0.3626743043145658,4,True
