t_host_s,phase,fan_subject,visible,reason,x_w,y_w,z_w,visible_count,expected_count_ok
257721.2711261,prelaunch,Fan_1,True,ok,3.867151723642219,2.074035703066639,0.3702330079681606,4,True
257721.271791,prelaunch,Fan_2,True,ok,4.563396080812078,2.7265279312142088,0.3688693570528583,4,True
257721.2718347,prelaunch,Fan_3,True,ok,2.761961752137657,2.7344024040424624,0.36532607941481454,4,True
257721.2718612,prelaunch,Fan_4,True,ok,4.956800721787367,1.8425676095769763,0.36603210531718366,4,True
