t_host_s,phase,fan_subject,visible,reason,x_w,y_w,z_w,visible_count,expected_count_ok
241960.6327714,prelaunch,Fan_1,True,ok,2.975171779631892,3.578312928737906,0.38516070220028853,4,True
241960.6334641,prelaunch,Fan_2,True,ok,5.419467635272794,3.640489596494823,0.377381922824312,4,True
241960.6335169,prelaunch,Fan_3,True,ok,3.0106732936319496,1.1934673578007438,0.3720182679579993,4,True
241960.6335503,prelaunch,Fan_4,True,ok,5.353854735937958,1.1679201668538353,0.36847973654530725,4,True
