t_host_s,phase,fan_subject,visible,reason,x_w,y_w,z_w,visible_count,expected_count_ok
246278.2541171,prelaunch,Fan_1,True,ok,2.976769260096601,3.5828199567922683,0.38286407827544705,4,True
246278.2548544,prelaunch,Fan_2,True,ok,5.422473783250756,3.5758178547359085,0.36957100169501217,4,True
246278.2551422,prelaunch,Fan_3,True,ok,2.980260232407307,1.075983584113829,0.36682563575832733,4,True
246278.2552007,prelaunch,Fan_4,True,ok,5.364306214089643,1.1721693862515736,0.36334791783420783,4,True
