t_host_s,phase,fan_subject,visible,reason,x_w,y_w,z_w,visible_count,expected_count_ok
251364.8625453,prelaunch,Fan_1,True,ok,3.4529846837334635,2.386682480347271,0.373239709994951,3,True
251364.8631589,prelaunch,Fan_2,True,ok,4.767681633451196,2.4393643316930462,0.37609154465018035,3,True
251364.8632068,prelaunch,Fan_3,True,ok,2.2403000820275274,2.196085645574986,0.3698637346530126,3,True
251364.863227,prelaunch,Fan_4,False,fan_subject_occluded,,,,3,True
