{
  "active_profile_update": {
    "body_rate_limit_rad_s": 6.0,
    "body_rate_observer_window_frames": 7,
    "derivative_cutoff_hz": 8.0,
    "launch_gate_body_rate_limits_rad_s": [
      1.2,
      1.2,
      1.8
    ],
    "launch_gate_rate_confidence_min": 0.65,
    "launch_gate_required_consecutive_frames": 2,
    "profile_hash": "ef1126cf1e30a45262d0899df23edacf6303553464d33151de30c2ba9b50ace2",
    "profile_id": "nausicaa_real_flight_vicon_calibration_20260603_232209",
    "profile_path": "c:/Users/GH-X-ST/OneDrive - Imperial College London/Year 4/Final Year Project/01 - Github/Nausicaa/04_Flight_Test/01_Runtime/calibration_profile.py",
    "profile_version": "1.0",
    "rejected_launch_attempt_min_speed_m_s": 2.0,
    "requested_vicon_tracking_rate_hz": 200.0,
    "vicon_attitude_signs": [
      1.0,
      -1.0,
      -1.0
    ],
    "vicon_position_offset_m": [
      3.9085570805120877,
      2.4963799346478033,
      0.03709411857233755
    ],
    "vicon_yaw_alignment_deg": 0.0
  },
  "current_position_offset_m": [
    3.912561157643868,
    2.430125153483199,
    0.0380633081971309
  ],
  "current_transform_error_m": [
    0.004004077131781525,
    -0.06625478116460348,
    0.0009691896247933374
  ],
  "current_transformed_mean_m": [
    1.2040040771317815,
    1.5337452188353966,
    0.10096918962479334
  ],
  "current_yaw_alignment_deg": 0.0,
  "invalid_reasons": {
    "vicon_subject_occluded": 1
  },
  "known_arena_point_m": [
    1.2,
    1.6,
    0.1
  ],
  "raw_vicon_mean_m": [
    -2.7085570805120875,
    -0.8963799346478032,
    0.06290588142766246
  ],
  "raw_vicon_std_m": [
    0.00011447120135091125,
    0.00020787514513805562,
    0.00011903380488593585
  ],
  "recommended_position_offset_m": [
    3.9085570805120877,
    2.4963799346478033,
    0.03709411857233755
  ],
  "run_root": "C:/Users/GH-X-ST/OneDrive - Imperial College London/Year 4/Final Year Project/01 - Github/Nausicaa/04_Flight_Test/05_Results/vicon_frame_calibration/20260603_232209",
  "status": "ok",
  "valid_sample_count": 150
}