t_host_s,phase,fan_subject,visible,reason,x_w,y_w,z_w,visible_count,expected_count_ok
257325.5904527,prelaunch,Fan_1,True,ok,3.867002962622069,2.0736902063886826,0.3705105696830787,4,True
257325.5916293,prelaunch,Fan_2,True,ok,4.564497283217049,2.728529037003594,0.36837244118728063,4,True
257325.5917589,prelaunch,Fan_3,True,ok,2.761110182372987,2.7275511607811063,0.368321631694554,4,True
257325.5919384,prelaunch,Fan_4,True,ok,4.95735967087082,1.8424977201072785,0.3662339517273838,4,True
