t_host_s,phase,fan_subject,visible,reason,x_w,y_w,z_w,visible_count,expected_count_ok
257419.9961567,prelaunch,Fan_1,True,ok,3.8669417934946497,2.073899598425926,0.37077068446162853,4,True
257419.9971102,prelaunch,Fan_2,True,ok,4.564212082993067,2.727649516216754,0.3692237369568204,4,True
257419.9972141,prelaunch,Fan_3,True,ok,2.7613038001681316,2.728734573983104,0.36811444549504435,4,True
257419.9972609,prelaunch,Fan_4,True,ok,4.957238685116508,1.8424718632815007,0.3664014037790999,4,True
