SurfaceName,IsActive,BoardCommitToReferenceCount,BoardCommitToReferenceMedian_s,BoardCommitToReferenceP95_s,ReferenceToTrainerCount,ReferenceToTrainerMedian_s,ReferenceToTrainerP95_s,TrainerToReceiverCount,TrainerToReceiverMedian_s,TrainerToReceiverP95_s
Aileron_L,1,347,-0.00167045552843792,0.0092312727296084,346,0.0200009999999997,0.0200019999999999,344,-0.00150800000000006,0.0184490999999999
Aileron_R,1,347,-0.00167045552843792,0.0092312727296084,346,0.0214912499999995,0.0214920000000003,344,-0.00299812499999996,0.0169586749999997
Rudder,1,347,-0.00167045552843792,0.0092312727296084,346,0.0229889999999999,0.0229902499999994,344,-0.00449587500000015,0.0154602500000003
Elevator,1,347,-0.00167045552843792,0.0092312727296084,346,0.0244770000000001,0.0244782499999996,344,-0.00598425000000002,0.0139724625000003
