metric,count,mean_s,median_s,p95_s,p99_s,max_s
commit_to_trainer_latency_s,496,0.002253516797299886,0.0021193054828287927,0.00522996083458338,0.005252711842529933,0.005263532446683428
commit_to_receiver_latency_s,496,0.0197361431102692,0.01783919112953214,0.03766939850860318,0.03823407494954871,0.03828924220913166
dispatch_to_receiver_latency_s,496,0.030695183432850267,0.028794736461392745,0.048685117144302126,0.04908664166045895,0.04924781244954701
scheduled_to_receiver_latency_s,496,0.030861594723172334,0.028964691129530706,0.048794898508603524,0.049359574949549054,0.04941374220913097
