SurfaceName,TransitionCount,TrainerMatchedCount,ReceiverMatchedCount,TrainerMissCount,ReceiverMissCount,CommitToTrainerCount,CommitToTrainerMean_s,CommitToTrainerMedian_s,CommitToTrainerP95_s,CommitToTrainerP99_s,CommitToTrainerMax_s,CommitToReceiverCount,CommitToReceiverMean_s,CommitToReceiverMedian_s,CommitToReceiverP95_s,CommitToReceiverP99_s,CommitToReceiverMax_s,DispatchToReceiverCount,DispatchToReceiverMean_s,DispatchToReceiverMedian_s,DispatchToReceiverP95_s,DispatchToReceiverP99_s,DispatchToReceiverMax_s,ScheduledToReceiverCount,ScheduledToReceiverMean_s,ScheduledToReceiverMedian_s,ScheduledToReceiverP95_s,ScheduledToReceiverP99_s,ScheduledToReceiverMax_s
Aileron_L,316,316,316,0,0,316,0.020017178620690013,0.020022169554893665,0.020063473754738936,0.020073052626683817,0.02007500697368414,316,0.010008066356521498,0.01000616418618705,0.01009149087904504,0.01009910039841202,0.010100580072332832,316,0.020200249900825234,0.020224768131637205,0.020341690609804175,0.02036600353550284,0.020382523842528144,316,0.020410319521078517,0.020408164186186184,0.02049382867845395,0.02050134385654445,0.02050282174906215
Aileron_R,316,316,316,0,0,316,0.0015069855827154251,0.0015025608608887353,0.0015842332510977997,0.001616241499723614,0.0016298311786542286,316,0.010008066356521498,0.01000616418618705,0.01009149087904504,0.01009910039841202,0.010100580072332832,316,0.020200249900825234,0.020224768131637205,0.020341690609804175,0.02036600353550284,0.020382523842528144,316,0.020410319521078517,0.020408164186186184,0.02049382867845395,0.02050134385654445,0.02050282174906215
Rudder,143,143,143,0,0,143,0.0030063923361743107,0.003011897360089222,0.00305335854175155,0.0030614836668625854,0.003064644341179701,143,0.010013095188372064,0.01001564119398779,0.010092185950986732,0.010099366237582785,0.010099861030454349,143,0.02021761966389665,0.02023633861754348,0.02033778517904352,0.020351844532273445,0.02037908342381911,143,0.020415388894665952,0.020417641193986924,0.020494185950987287,0.020502366237587638,0.02050286103046517
Elevator,172,172,172,0,0,172,0.004486544348489943,0.004483046395300505,0.004547177773835643,0.004559917286589723,0.004570611213829068,172,0.010012312190473223,0.010010054156978754,0.010092495121686796,0.010100096946016634,0.010100580072332832,172,0.020197387771868434,0.02023105912875245,0.020342661954005692,0.020353594938526242,0.020382773842527513,172,0.020414544748612793,0.020412054156977888,0.02049449512168593,0.02050228085192515,0.02050307174906152
