metric,count,mean_s,median_s,p95_s,p99_s,max_s
commit_to_trainer_latency_s,947,0.00845114637834141,0.004440138305824348,0.020056656877932254,0.020065690299702225,0.02007500697368414
commit_to_receiver_latency_s,947,0.013966845280314628,0.010067899088774368,0.030157165864694236,0.050148729068111776,0.05021016206850959
dispatch_to_receiver_latency_s,947,0.02415960135212028,0.020281983905540812,0.04040431732252827,0.06036028228298505,0.06048120661569101
scheduled_to_receiver_latency_s,947,0.024369100824137298,0.020469899088773502,0.04055916586469337,0.06055072906811091,0.060612162068522935
