metric,count,mean_s,median_s,p95_s,p99_s,max_s
commit_to_trainer_latency_s,947,0.00845114637834141,0.004440138305824348,0.020056656877932254,0.020065690299702225,0.02007500697368414
commit_to_receiver_latency_s,947,0.010009596880697134,0.010007212450069858,0.010091747968913012,0.010099386000263166,0.010100580072332832
dispatch_to_receiver_latency_s,947,0.020202352952502785,0.020227083343915098,0.020341483190331643,0.020362155061483804,0.020382773842527513
scheduled_to_receiver_latency_s,947,0.020411852424519806,0.02041011125239578,0.02049395725634895,0.020501737197932357,0.02050307174906152
