t_host_s,phase,fan_subject,visible,reason,x_w,y_w,z_w,visible_count,expected_count_ok
244442.4721526,prelaunch,Fan_1,True,ok,2.9768033512291607,3.5830933844650996,0.3830920965298016,4,True
244442.4728195,prelaunch,Fan_2,True,ok,5.418665297038577,3.6527211330700298,0.37387608395689736,4,True
244442.4728822,prelaunch,Fan_3,True,ok,3.016467198007517,1.134601019301048,0.3695781560817155,4,True
244442.4729244,prelaunch,Fan_4,True,ok,5.3681900683276105,1.1564709508531181,0.363173021791968,4,True
