t_host_s,phase,fan_subject,visible,reason,x_w,y_w,z_w,visible_count,expected_count_ok
257958.8268693,prelaunch,Fan_1,True,ok,3.866564744805083,2.074822001569619,0.3696000895826419,4,True
257958.8274804,prelaunch,Fan_2,True,ok,4.56363703660292,2.727518386071094,0.36757255219808227,4,True
257958.827532,prelaunch,Fan_3,True,ok,2.76507662803999,2.7528768610328305,0.3574843980759511,4,True
257958.8275616,prelaunch,Fan_4,True,ok,4.9571392820670495,1.8427174231856926,0.36528070766772736,4,True
