t_host_s,phase,fan_subject,visible,reason,x_w,y_w,z_w,visible_count,expected_count_ok
247226.6998133,prelaunch,Fan_1,True,ok,2.9774261119715,3.5835359354425003,0.3829012549759548,4,True
247226.70042,prelaunch,Fan_2,True,ok,5.423270244863592,3.5773641938009177,0.3689633361438442,4,True
247226.7004766,prelaunch,Fan_3,True,ok,2.9814540928473,1.0806152964871363,0.36585211775200677,4,True
247226.7005119,prelaunch,Fan_4,True,ok,5.367740088308187,1.1839779554832057,0.36261960787247516,4,True
