t_host_s,phase,fan_subject,visible,reason,x_w,y_w,z_w,visible_count,expected_count_ok
243312.0526542,prelaunch,Fan_1,True,ok,2.9774753365105417,3.5793240664338795,0.3841087012962628,4,True
243312.05343,prelaunch,Fan_2,True,ok,5.420921950088922,3.642478270332327,0.37591858398269895,4,True
243312.053482,prelaunch,Fan_3,True,ok,3.0190506660003207,1.1883857150546167,0.36921637167901833,4,True
243312.053512,prelaunch,Fan_4,True,ok,5.357144176472068,1.1578064192934925,0.3647263439740766,4,True
