t_host_s,phase,fan_subject,visible,reason,x_w,y_w,z_w,visible_count,expected_count_ok
258796.1769415,prelaunch,Fan_1,True,ok,3.866807887469135,2.0772591807060485,0.3685518686873318,4,True
258796.1776145,prelaunch,Fan_2,True,ok,4.560282532543941,2.7217262507731426,0.3684826491559924,4,True
258796.1776886,prelaunch,Fan_3,True,ok,2.7618466755034587,2.731118171579856,0.3668438801361046,4,True
258796.1777377,prelaunch,Fan_4,True,ok,4.9562051585407865,1.8430276418568587,0.36491602016924707,4,True
