t_host_s,phase,fan_subject,visible,reason,x_w,y_w,z_w,visible_count,expected_count_ok
258777.2112383,prelaunch,Fan_1,True,ok,3.8669761823145037,2.0761573934448827,0.3681991677891361,4,True
258777.2117324,prelaunch,Fan_2,True,ok,4.560311103213449,2.721113891249171,0.3685510509051986,4,True
258777.2118219,prelaunch,Fan_3,True,ok,2.7617820843363403,2.7297845837812402,0.3669560876164889,4,True
258777.211855,prelaunch,Fan_4,True,ok,4.956382896731666,1.8424371044377086,0.3650735205227871,4,True
