t_host_s,phase,fan_subject,visible,reason,x_w,y_w,z_w,visible_count,expected_count_ok
252770.5209309,prelaunch,Fan_1,True,ok,3.4537016140093826,2.3871570992463442,0.3729032925974101,3,True
252770.5216696,prelaunch,Fan_2,True,ok,4.771142302738579,2.428431271918153,0.375754774102118,3,True
252770.5217287,prelaunch,Fan_3,True,ok,2.2389751067565182,2.1972540434909393,0.36809839961423135,3,True
252770.5217525,prelaunch,Fan_4,False,fan_subject_occluded,,,,3,True
