t_host_s,phase,fan_subject,visible,reason,x_w,y_w,z_w,visible_count,expected_count_ok
260696.2931727,prelaunch,Fan_1,True,ok,3.868764522402026,2.0775553468853056,0.36726587848922887,4,True
260696.2938959,prelaunch,Fan_2,True,ok,4.5974967829343365,2.757345876136124,0.370686706772713,4,True
260696.2939503,prelaunch,Fan_3,True,ok,2.7627465102399444,2.745838603784208,0.3601794771189185,4,True
260696.2939811,prelaunch,Fan_4,True,ok,4.928411059828166,1.892882564110231,0.367137957671817,4,True
