t_host_s,phase,fan_subject,visible,reason,x_w,y_w,z_w,visible_count,expected_count_ok
250125.2053191,prelaunch,Fan_1,True,ok,3.453390739533658,2.3863224380694725,0.3737243974772527,3,True
250125.2059904,prelaunch,Fan_2,True,ok,4.763077431565245,2.44538956181544,0.3766301739240329,3,True
250125.2060422,prelaunch,Fan_3,True,ok,2.239855975666262,2.1929799008359803,0.36997244115361366,3,True
250125.2060644,prelaunch,Fan_4,False,fan_subject_occluded,,,,3,True
