t_host_s,phase,fan_subject,visible,reason,x_w,y_w,z_w,visible_count,expected_count_ok
257133.214914,prelaunch,Fan_1,True,ok,3.8668947079746308,2.0735529360250897,0.37048657809744434,4,True
257133.2156479,prelaunch,Fan_2,True,ok,4.564485623486118,2.730850330259723,0.36899727066695875,4,True
257133.2157082,prelaunch,Fan_3,True,ok,2.7610230090063164,2.7260870278804403,0.36911300917555756,4,True
257133.2157409,prelaunch,Fan_4,True,ok,4.957988510297785,1.8418471694464544,0.3671443596613956,4,True
