t_host_s,phase,fan_subject,visible,reason,x_w,y_w,z_w,visible_count,expected_count_ok
246949.8106649,prelaunch,Fan_1,True,ok,2.976846415944829,3.582863918484763,0.383181262354734,4,True
246949.8112618,prelaunch,Fan_2,True,ok,5.423274548359316,3.5775170886921686,0.36933331655370377,4,True
246949.8113124,prelaunch,Fan_3,True,ok,2.9832854477324546,1.0824988519752696,0.36705642737645644,4,True
246949.8113433,prelaunch,Fan_4,True,ok,5.356347770748366,1.1908875283482367,0.36280776621285804,4,True
