t_host_s,phase,fan_subject,visible,reason,x_w,y_w,z_w,visible_count,expected_count_ok
252630.8036978,prelaunch,Fan_1,True,ok,3.4536599342036616,2.386948504805281,0.3731806392614796,3,True
252630.804291,prelaunch,Fan_2,True,ok,4.770979614822005,2.4280855927442633,0.37627602006789124,3,True
252630.8043383,prelaunch,Fan_3,True,ok,2.2394153661143346,2.1970203637380212,0.36814724819609607,3,True
252630.8043629,prelaunch,Fan_4,False,fan_subject_occluded,,,,3,True
