t_host_s,phase,fan_subject,visible,reason,x_w,y_w,z_w,visible_count,expected_count_ok
246482.0103023,prelaunch,Fan_1,True,ok,2.9765032135330767,3.5826638240661817,0.3829817421777209,4,True
246482.0110724,prelaunch,Fan_2,True,ok,5.422800692091462,3.577484572935898,0.3697840152830127,4,True
246482.0111331,prelaunch,Fan_3,True,ok,2.981079235315475,1.0800458970378668,0.3666335314139581,4,True
246482.0111713,prelaunch,Fan_4,True,ok,5.366001972144323,1.1673021886047403,0.3627784732411688,4,True
