t_host_s,phase,fan_subject,visible,reason,x_w,y_w,z_w,visible_count,expected_count_ok
243282.6951937,prelaunch,Fan_1,True,ok,2.977405017866859,3.5795830173853433,0.38396000442116257,4,True
243282.6958268,prelaunch,Fan_2,True,ok,5.420186729103765,3.645065982917954,0.3743084570906106,4,True
243282.6958731,prelaunch,Fan_3,True,ok,3.019385750439822,1.1883343695260646,0.36914673711233786,4,True
243282.6959016,prelaunch,Fan_4,True,ok,5.355744399182061,1.155314937234839,0.36446042611378743,4,True
