t_host_s,phase,fan_subject,visible,reason,x_w,y_w,z_w,visible_count,expected_count_ok
257271.9605925,prelaunch,Fan_1,True,ok,3.8664566784354015,2.0727629378763615,0.37149986827534254,4,True
257271.9620255,prelaunch,Fan_2,True,ok,4.564380151716352,2.727450211991058,0.3703178879190334,4,True
257271.962185,prelaunch,Fan_3,True,ok,2.7611546601291623,2.7263577015807514,0.3695743275544182,4,True
257271.9622951,prelaunch,Fan_4,True,ok,4.956967376059499,1.841614806020615,0.3675272667025554,4,True
