t_host_s,phase,fan_subject,visible,reason,x_w,y_w,z_w,visible_count,expected_count_ok
250596.2949617,prelaunch,Fan_1,True,ok,3.4535750964185,2.386489891090308,0.37339310526146297,3,True
250596.2955978,prelaunch,Fan_2,True,ok,4.763984223919173,2.4427479954422893,0.3768751038532859,3,True
250596.2956484,prelaunch,Fan_3,True,ok,2.2420431960135856,2.193345037104888,0.3695450064792851,3,True
250596.2956691,prelaunch,Fan_4,False,fan_subject_occluded,,,,3,True
