t_host_s,phase,fan_subject,visible,reason,x_w,y_w,z_w,visible_count,expected_count_ok
252123.7671702,prelaunch,Fan_1,True,ok,3.4534693958907132,2.3864432429531064,0.37303676045728734,3,True
252123.7677631,prelaunch,Fan_2,True,ok,4.770915703330853,2.42788925937152,0.3760052856599709,3,True
252123.7678518,prelaunch,Fan_3,True,ok,2.2404385128615143,2.196713443524231,0.3689588510729993,3,True
252123.7678775,prelaunch,Fan_4,False,fan_subject_occluded,,,,3,True
