t_host_s,phase,fan_subject,visible,reason,x_w,y_w,z_w,visible_count,expected_count_ok
243099.8649522,prelaunch,Fan_1,True,ok,2.9773212124865838,3.5779294395966783,0.38450657551664197,4,True
243099.8655768,prelaunch,Fan_2,True,ok,5.418142044497786,3.642083885579094,0.3750888238151944,4,True
243099.8656211,prelaunch,Fan_3,True,ok,3.0200309615336267,1.1904960136900062,0.36939735664837986,4,True
243099.8656466,prelaunch,Fan_4,True,ok,5.351928213059223,1.1574373863232235,0.36496713179071144,4,True
