t_host_s,phase,fan_subject,visible,reason,x_w,y_w,z_w,visible_count,expected_count_ok
251257.3509746,prelaunch,Fan_1,True,ok,3.4533642147212475,2.3865195614896026,0.37360868354543697,3,True
251257.3517051,prelaunch,Fan_2,True,ok,4.76539718685023,2.4415995412493747,0.37646170364981985,3,True
251257.35182,prelaunch,Fan_3,True,ok,2.2411957030073486,2.196140761719635,0.3698722805933956,3,True
251257.3518487,prelaunch,Fan_4,False,fan_subject_occluded,,,,3,True
