t_host_s,phase,fan_subject,visible,reason,x_w,y_w,z_w,visible_count,expected_count_ok
243697.3381172,prelaunch,Fan_1,True,ok,2.976766253616384,3.5836883770660766,0.38329201418977155,4,True
243697.3387965,prelaunch,Fan_2,True,ok,5.41959304514687,3.652713690261238,0.3742670187498108,4,True
243697.3388382,prelaunch,Fan_3,True,ok,3.0193312188262498,1.2104230045273079,0.33768566575981807,4,True
243697.3388629,prelaunch,Fan_4,True,ok,5.361177109423899,1.1550676140098985,0.3645481927195531,4,True
