t_host_s,phase,fan_subject,visible,reason,x_w,y_w,z_w,visible_count,expected_count_ok
246873.1747605,prelaunch,Fan_1,True,ok,2.9769051208634187,3.582637951140052,0.3830618658588282,4,True
246873.1766403,prelaunch,Fan_2,True,ok,5.423431512345971,3.577467520569242,0.3690763823422329,4,True
246873.1767442,prelaunch,Fan_3,True,ok,2.9833254468531214,1.0834838426370113,0.3669294038739244,4,True
246873.176811,prelaunch,Fan_4,True,ok,5.353828295186168,1.193946491839837,0.3629516498048834,4,True
