t_host_s,phase,fan_subject,visible,reason,x_w,y_w,z_w,visible_count,expected_count_ok
260450.8680982,prelaunch,Fan_1,True,ok,3.867576819315072,2.077827817537638,0.3668413412910486,4,True
260450.8687246,prelaunch,Fan_2,True,ok,4.597816434760827,2.7584381641327265,0.37008475377262284,4,True
260450.8687984,prelaunch,Fan_3,True,ok,2.762853104691332,2.740209090113025,0.3622546776687592,4,True
260450.8688335,prelaunch,Fan_4,True,ok,4.9286482236590885,1.8937423862306915,0.36673007274721725,4,True
