t_host_s,phase,fan_subject,visible,reason,x_w,y_w,z_w,visible_count,expected_count_ok
260804.5624775,prelaunch,Fan_1,True,ok,3.8690153588787637,2.0784147987207318,0.3671903578140605,4,True
260804.5629831,prelaunch,Fan_2,True,ok,4.597669378492034,2.7582270475065447,0.3711589762352838,4,True
260804.5630354,prelaunch,Fan_3,True,ok,2.762835043200514,2.747612052075166,0.35941443444577426,4,True
260804.563308,prelaunch,Fan_4,True,ok,4.928550643062936,1.893717061493084,0.3671355954072467,4,True
