t_host_s,phase,fan_subject,visible,reason,x_w,y_w,z_w,visible_count,expected_count_ok
243415.0711393,prelaunch,Fan_1,True,ok,2.977195424746916,3.582347771654482,0.38442765676067997,4,True
243415.0716352,prelaunch,Fan_2,True,ok,5.4199749335704555,3.6495910318752594,0.37553228032349734,4,True
243415.071687,prelaunch,Fan_3,True,ok,3.02240572121896,1.1914896876405237,0.3713261958935784,4,True
243415.0718055,prelaunch,Fan_4,True,ok,5.357786398380661,1.1568948331324596,0.3644226602508365,4,True
