SurfaceName,IsActive,BoardCommitToReferenceCount,BoardCommitToReferenceMedian_s,BoardCommitToReferenceP95_s,ReferenceToTrainerCount,ReferenceToTrainerMedian_s,ReferenceToTrainerP95_s,TrainerToReceiverCount,TrainerToReceiverMedian_s,TrainerToReceiverP95_s
Aileron_L,1,3152,-0.000436932746966434,-8.0843597257485e-05,3149,0.0200262499999972,0.0200267499999995,3115,-0.00432175000000257,0.00662619999999662
Aileron_R,1,3152,-0.000436932746966434,-8.0843597257485e-05,3151,0.0214945000000011,0.0217449999999957,3117,-0.00573874999999902,0.0051107000000016
Rudder,1,3152,-0.000436932746966434,-8.0843597257485e-05,3152,0.0229944999999994,0.0234952499999999,3118,-0.00726525000000144,0.00360253750000189
Elevator,1,3152,-0.000436932746966434,-8.0843597257485e-05,3126,0.00445874999999774,0.0244845000000002,3094,0.00617562500000268,0.0176578375000036
