SurfaceName,IsActive,BoardCommitToReferenceCount,BoardCommitToReferenceMedian_s,BoardCommitToReferenceP95_s,ReferenceToTrainerCount,ReferenceToTrainerMedian_s,ReferenceToTrainerP95_s,TrainerToReceiverCount,TrainerToReceiverMedian_s,TrainerToReceiverP95_s
Aileron_L,1,3118,0.00635464607136171,0.00671257050832503,3117,2.49999999368811e-07,2.50000006474238e-07,3024,0.0103893749999973,0.01899525
Aileron_R,1,3118,0.00635464607136171,0.00671257050832503,3118,0.0014687500000008,0.00171900000000136,3025,0.0089392499999974,0.0174481
Rudder,1,3118,0.00635464607136171,0.00671257050832503,3118,0.0029687499999973,0.00346953750000072,3025,0.0074762499999963,0.0159465999999998
Elevator,1,3118,0.00635464607136171,0.00671257050832503,3109,0.00445850000000014,0.00520974999999879,3024,0.00597850000000122,0.0144577750000022
