SurfaceName,TransitionCount,TrainerMatchedCount,ReceiverMatchedCount,TrainerMissCount,ReceiverMissCount,CommitToTrainerCount,CommitToTrainerMean_s,CommitToTrainerMedian_s,CommitToTrainerP95_s,CommitToTrainerP99_s,CommitToTrainerMax_s,CommitToReceiverCount,CommitToReceiverMean_s,CommitToReceiverMedian_s,CommitToReceiverP95_s,CommitToReceiverP99_s,CommitToReceiverMax_s,DispatchToReceiverCount,DispatchToReceiverMean_s,DispatchToReceiverMedian_s,DispatchToReceiverP95_s,DispatchToReceiverP99_s,DispatchToReceiverMax_s,ScheduledToReceiverCount,ScheduledToReceiverMean_s,ScheduledToReceiverMedian_s,ScheduledToReceiverP95_s,ScheduledToReceiverP99_s,ScheduledToReceiverMax_s
Aileron_L,120,120,120,0,0,120,0.00019715549965246086,0.0,0.0007813879273102841,0.0008531830556334797,0.0008891415127330049,120,0.021983435318292787,0.02200170950635183,0.03102468508458429,0.033434086424384085,0.03416170936127472,120,0.04259683048609591,0.03868775217502929,0.05957118147407252,0.05987918877099423,0.059939231169174434,120,0.042732838819429214,0.03881408487347926,0.059725109510478006,0.059987296398639284,0.060048974838746716
Aileron_R,120,120,120,0,0,120,0.0013543436516262552,0.0013641868868852214,0.0022930280519528165,0.0024537703379304433,0.0025345903127664826,120,0.023483416568292774,0.023462477322020447,0.03305382722242562,0.03490805118404314,0.03558491061149027,120,0.0440968117360959,0.03873941403129777,0.05966454010073061,0.05993709246639316,0.05996630944182968,120,0.0442328200694292,0.03886636362901186,0.05976469010073036,0.06005228480120475,0.060074309441830565
Rudder,120,120,120,0,0,120,0.0028525144849595265,0.002851657023200893,0.003887238118116176,0.004207057837932027,0.004289340312766399,120,0.024483404068292754,0.024162712438560163,0.033827314016712684,0.03564920141583993,0.03628013449081635,120,0.04509679923609588,0.038780596408059864,0.05967479881865474,0.05994624870671334,0.05996630944182968,120,0.04523280756942918,0.0388969018801788,0.059798290586351575,0.06005228480120475,0.060074309441830565
Elevator,120,120,120,0,0,120,0.004339662401625969,0.004330825574289321,0.005627488118115487,0.005944520337931429,0.0060250903127681,120,0.025983433234959316,0.025669145207331212,0.03569508710068146,0.03885997539414021,0.03906358217213324,120,0.04659682840276244,0.03974264629747992,0.05983384830679892,0.05994645120671283,0.05996630944182968,120,0.04673283673609574,0.03986051622763931,0.05998977215883787,0.060052487301204244,0.060074309441830565
