metric,count,mean_s,median_s,p95_s,p99_s,max_s
commit_to_trainer_latency_s,480,0.002185919009466053,0.0020668117128348484,0.005059791813026137,0.005704375473470618,0.0060250903127681
commit_to_receiver_latency_s,480,0.02398342229745941,0.023876514120450665,0.033827551516712066,0.036402376211548834,0.03906358217213324
dispatch_to_receiver_latency_s,480,0.044596817465262534,0.038758036375810434,0.05966607947574705,0.05994105053075859,0.05996630944182968
scheduled_to_receiver_latency_s,480,0.04473282579859583,0.03888705322135877,0.05976972947574639,0.060053061212151704,0.060074309441830565
