SurfaceName,IsActive,BoardCommitToReferenceCount,BoardCommitToReferenceMedian_s,BoardCommitToReferenceP95_s,ReferenceToTrainerCount,ReferenceToTrainerMedian_s,ReferenceToTrainerP95_s,TrainerToReceiverCount,TrainerToReceiverMedian_s,TrainerToReceiverP95_s
Aileron_L,1,3582,-0.000105467548344507,0.0089712856290685,3582,7.50000001659146e-07,0.0189995749999969,3582,0.00342224999999985,0.00404025000000006
Aileron_R,1,3582,-0.000105467548344507,0.0089712856290685,3582,0.00149100000000146,0.0204929624999964,3582,0.00192912500000375,0.00255000000000025
Rudder,1,3582,-0.000105467548344507,0.0089712856290685,3582,0.00298899999999946,0.0219874749999965,3582,0.000433874999998807,0.00105223749999987
Elevator,1,3582,-0.000105467548344507,0.0089712856290685,3582,0.00447675000000203,0.0234775624999966,3582,-0.00106399999999951,-0.000435762499999859
