metric,count,mean_s,median_s,p95_s,p99_s,max_s
commit_to_trainer_latency_s,941,0.0018370584053583354,0.0014796517723638658,0.00447786766206093,0.0045183302760932525,0.004531866133035578
commit_to_receiver_latency_s,941,0.009317012521185879,0.003538001006557323,0.04308028305025147,0.043743189317669365,0.04394470614153079
dispatch_to_receiver_latency_s,941,0.030792965496743662,0.02500075639036936,0.06449649099702981,0.06525116967684638,0.06547345614153066
scheduled_to_receiver_latency_s,941,0.030985949556254864,0.025206751006557226,0.06474903305024782,0.06541193931767068,0.06561345614153069
