SurfaceName,TransitionCount,TrainerMatchedCount,ReceiverMatchedCount,TrainerMissCount,ReceiverMissCount,CommitToTrainerCount,CommitToTrainerMean_s,CommitToTrainerMedian_s,CommitToTrainerP95_s,CommitToTrainerP99_s,CommitToTrainerMax_s,CommitToReceiverCount,CommitToReceiverMean_s,CommitToReceiverMedian_s,CommitToReceiverP95_s,CommitToReceiverP99_s,CommitToReceiverMax_s,DispatchToReceiverCount,DispatchToReceiverMean_s,DispatchToReceiverMedian_s,DispatchToReceiverP95_s,DispatchToReceiverP99_s,DispatchToReceiverMax_s,ScheduledToReceiverCount,ScheduledToReceiverMean_s,ScheduledToReceiverMedian_s,ScheduledToReceiverP95_s,ScheduledToReceiverP99_s,ScheduledToReceiverMax_s
Aileron_L,299,299,299,0,0,299,3.79660712770818e-06,0.0,2.0243379267981244e-05,3.251680430594204e-05,3.888996823775415e-05,299,0.00737029016229073,0.003451034851281065,0.023853643011810276,0.04333917355711655,0.04394470614153079,299,0.028846816082023115,0.024931959212473487,0.04540059301181039,0.06478432355711262,0.06547345614153066,299,0.029039234142223806,0.025120784851281996,0.04552249301181028,0.06500792355711298,0.06561345614153069
Aileron_R,299,299,299,0,0,299,0.001471845346237263,0.001472200751290842,0.001540279790832244,0.0015634150867313323,0.0015771776613036081,299,0.011918732469983139,0.003629728700392576,0.04323296320662919,0.04375494130247848,0.04394470614153079,299,0.03339525838971553,0.02508726947083062,0.06469519212883909,0.06529199130247872,0.06547345614153066,299,0.03358767644991621,0.02529847870039248,0.06490171320663266,0.06542369130247838,0.06561345614153069
Rudder,163,163,163,0,0,163,0.0029742908372927244,0.0029840697132215155,0.003011759560460625,0.0030230341068252643,0.0030266399682403744,163,0.00952087365937871,0.003635356136385326,0.042914306816722106,0.043495165041757884,0.04377673075412147,163,0.030992200346495045,0.02512774382815408,0.06443705681671971,0.06498695799603972,0.06528048075411874,163,0.031189789303550337,0.02530410613638523,0.06458305681671846,0.06516391504175559,0.06544548075412138
Elevator,180,180,180,0,0,180,0.004459142271707517,0.0044621912568025834,0.004519966853840707,0.004530219367255057,0.004531866133035578,180,0.008044381160596083,0.003483311903089259,0.042902372970380034,0.04375174868191373,0.043919373577004706,180,0.029522620049484673,0.02494431344177883,0.06440517297037687,0.06524895487697308,0.06542912357700459,180,0.02971331449392921,0.02515206190308561,0.06457207297038109,0.06542049868191363,0.06558812357700461
