metric,count,mean_s,median_s,p95_s,p99_s,max_s
commit_to_trainer_latency_s,953,0.008436226010271193,0.0043825166198345755,0.020010826231279567,0.020052767150021963,0.020067863953400433
commit_to_receiver_latency_s,952,0.008277036472277139,0.008277211375450122,0.008301334873693288,0.008303957615043468,0.008304582628678503
dispatch_to_receiver_latency_s,952,0.02077916567395756,0.02085566812849038,0.02089964012406398,0.020913960856550062,0.03151797141975976
scheduled_to_receiver_latency_s,952,0.0210732308000083,0.021031548102335762,0.0210555169667316,0.021057978767944352,0.04102697141976108
