SurfaceName,TransitionCount,TrainerMatchedCount,ReceiverMatchedCount,TrainerMissCount,ReceiverMissCount,CommitToTrainerCount,CommitToTrainerMean_s,CommitToTrainerMedian_s,CommitToTrainerP95_s,CommitToTrainerP99_s,CommitToTrainerMax_s,CommitToReceiverCount,CommitToReceiverMean_s,CommitToReceiverMedian_s,CommitToReceiverP95_s,CommitToReceiverP99_s,CommitToReceiverMax_s,DispatchToReceiverCount,DispatchToReceiverMean_s,DispatchToReceiverMedian_s,DispatchToReceiverP95_s,DispatchToReceiverP99_s,DispatchToReceiverMax_s,ScheduledToReceiverCount,ScheduledToReceiverMean_s,ScheduledToReceiverMedian_s,ScheduledToReceiverP95_s,ScheduledToReceiverP99_s,ScheduledToReceiverMax_s
Aileron_L,320,320,320,0,0,320,0.019962909820796855,0.01996042814392851,0.02004740524460704,0.020061174737039097,0.020067863953400433,320,0.008277105008167718,0.008277181761393138,0.00830070372571825,0.00830359458336332,0.00830425647824029,320,0.020800395633167452,0.020856067522498023,0.020899649696081646,0.020913857945457935,0.03151797141975976,320,0.021093798758167793,0.021031200799001226,0.021054724667088374,0.02105790884587007,0.04102697141976108
Aileron_R,320,320,320,0,0,320,0.0014563652895468737,0.001448267147175386,0.0015498002611014528,0.00158636568440377,0.0016120082396415825,320,0.008277105008167718,0.008277181761393138,0.00830070372571825,0.00830359458336332,0.00830425647824029,320,0.020800395633167452,0.020856067522498023,0.020899649696081646,0.020913857945457935,0.03151797141975976,320,0.021093798758167793,0.021031200799001226,0.021054724667088374,0.02105790884587007,0.04102697141976108
Rudder,138,138,137,0,1,138,0.002954224699234965,0.0029445450915979166,0.0030354781785649544,0.0030490854293908853,0.003054863953408926,137,0.00827626459560966,0.0082762456158747,0.008301742118892008,0.008303016181307328,0.008304582628678503,137,0.02070587043502545,0.020855135348114118,0.020892232593469375,0.020907532695502766,0.0209192785458292,137,0.02103041788028124,0.021030245615875742,0.021055742118891274,0.021057016181306593,0.02105858262867777
Elevator,175,175,175,0,0,175,0.0044449848227658805,0.00445316392051609,0.004523788931961726,0.004541684898591143,0.004543113953403122,175,0.00827739009589699,0.008278778668938003,0.008302648994246552,0.008304263077945144,0.008304307245198927,175,0.02075890438161108,0.020855364318322245,0.020901417986982907,0.02091362504492885,0.020916071520096224,175,0.02103152723875421,0.021032778668939045,0.02105664899424582,0.021058263077945723,0.02105830724519997
