t_host_s,phase,fan_subject,visible,reason,x_w,y_w,z_w,visible_count,expected_count_ok
245885.1222808,prelaunch,Fan_1,True,ok,2.9765408738256918,3.583217260029537,0.3829330647613923,4,True
245885.1227518,prelaunch,Fan_2,True,ok,5.423424393440669,3.57403787900022,0.37059971283026877,4,True
245885.1228315,prelaunch,Fan_3,True,ok,2.9806808550359145,1.0778948277822809,0.36797152330295263,4,True
245885.1228639,prelaunch,Fan_4,True,ok,5.362604910188528,1.1658303159063335,0.3628238820995099,4,True
