t_host_s,phase,fan_subject,visible,reason,x_w,y_w,z_w,visible_count,expected_count_ok
246806.177293,prelaunch,Fan_1,True,ok,2.9768819670088753,3.583042744776489,0.383030426453165,4,True
246806.1792713,prelaunch,Fan_2,True,ok,5.423558885225303,3.5775067585268276,0.3692308920285414,4,True
246806.1793236,prelaunch,Fan_3,True,ok,2.9835580291117285,1.0840417254334749,0.3670676246498271,4,True
246806.1793515,prelaunch,Fan_4,True,ok,5.351134321518007,1.195371071621948,0.36270886235081223,4,True
