t_host_s,phase,fan_subject,visible,reason,x_w,y_w,z_w,visible_count,expected_count_ok
260887.2928299,prelaunch,Fan_1,True,ok,3.868973293342401,2.078524532715802,0.36755014444819134,4,True
260887.2935466,prelaunch,Fan_2,True,ok,4.597513706846683,2.759208179208781,0.3714051762452977,4,True
260887.293767,prelaunch,Fan_3,True,ok,2.758583628214672,2.727842676999722,0.37171058861637274,4,True
260887.2938424,prelaunch,Fan_4,True,ok,4.928022608274312,1.8935160910033195,0.36696345698139465,4,True
