{
  "current_position_offset_m": [
    4.136158795250567,
    2.4114272057075916,
    0.03414746062731508
  ],
  "current_transform_error_m": [
    -0.01587085341543304,
    -0.0503963612814502,
    9.557818287639352e-06
  ],
  "current_transformed_mean_m": [
    1.184129146584567,
    1.54960363871855,
    0.10000955781828764
  ],
  "current_yaw_alignment_deg": 0.0,
  "invalid_reasons": {
    "vicon_subject_occluded": 1
  },
  "known_arena_point_m": [
    1.2,
    1.6,
    0.1
  ],
  "raw_vicon_mean_m": [
    -2.9520296486659996,
    -0.8618235669890423,
    0.06586209719097268
  ],
  "raw_vicon_std_m": [
    0.0001030861550164517,
    0.00010125838541528984,
    0.0002087947202581206
  ],
  "recommended_position_offset_m": [
    4.152029648666,
    2.4618235669890423,
    0.03413790280902733
  ],
  "run_root": "C:/Users/GH-X-ST/OneDrive - Imperial College London/Year 4/Final Year Project/01 - Github/Nausicaa/04_Flight_Test/05_Results/vicon_frame_calibration/20260603_131057",
  "status": "ok",
  "valid_sample_count": 150
}