t_host_s,phase,fan_subject,visible,reason,x_w,y_w,z_w,visible_count,expected_count_ok
247477.9692806,prelaunch,Fan_1,True,ok,2.9769402839920245,3.582740151472555,0.3828875625184785,4,True
247477.9701968,prelaunch,Fan_2,True,ok,5.423508589356337,3.577204040353231,0.3689910903011777,4,True
247477.9702994,prelaunch,Fan_3,True,ok,2.9810561215399822,1.078649382904834,0.36528687224353873,4,True
247477.9703401,prelaunch,Fan_4,True,ok,5.368952671152449,1.1795093110922636,0.3623907465481308,4,True
