t_host_s,phase,fan_subject,visible,reason,x_w,y_w,z_w,visible_count,expected_count_ok
243522.9791121,prelaunch,Fan_1,True,ok,2.976886409800037,3.582412262508063,0.383632197055331,4,True
243522.9810877,prelaunch,Fan_2,True,ok,5.419770073526565,3.6499133513708575,0.375220731395892,4,True
243522.9811401,prelaunch,Fan_3,True,ok,3.020847584726997,1.1912429692631048,0.3705145569776963,4,True
243522.9811953,prelaunch,Fan_4,True,ok,5.357452230705852,1.1550293454792873,0.364198603404312,4,True
