t_host_s,phase,fan_subject,visible,reason,x_w,y_w,z_w,visible_count,expected_count_ok
251048.2624332,prelaunch,Fan_1,True,ok,3.453489868054922,2.386927512422705,0.3735361220813917,3,True
251048.2631185,prelaunch,Fan_2,True,ok,4.764539566306586,2.442686191183742,0.3764699675108313,3,True
251048.2633909,prelaunch,Fan_3,True,ok,2.241654348726394,2.196421690646743,0.3700651654093207,3,True
251048.2634386,prelaunch,Fan_4,False,fan_subject_occluded,,,,3,True
