t_host_s,phase,fan_subject,visible,reason,x_w,y_w,z_w,visible_count,expected_count_ok
251509.146498,prelaunch,Fan_1,True,ok,3.4530686720533756,2.3862516791396877,0.37302142344217937,3,True
251509.1471019,prelaunch,Fan_2,True,ok,4.769095203539719,2.433090077457243,0.37614867565603277,3,True
251509.1472449,prelaunch,Fan_3,True,ok,2.2401039742173454,2.1956239158684174,0.3694787730630403,3,True
251509.1472952,prelaunch,Fan_4,False,fan_subject_occluded,,,,3,True
