t_host_s,phase,fan_subject,visible,reason,x_w,y_w,z_w,visible_count,expected_count_ok
250298.4632374,prelaunch,Fan_1,True,ok,3.4534576344362264,2.386242103945457,0.3737163493882037,3,True
250298.4640888,prelaunch,Fan_2,True,ok,4.763331450255203,2.4449331356789856,0.37699236565014155,3,True
250298.4641355,prelaunch,Fan_3,True,ok,2.2398079353009432,2.192922978840167,0.3697205232972422,3,True
250298.4641552,prelaunch,Fan_4,False,fan_subject_occluded,,,,3,True
