t_host_s,phase,fan_subject,visible,reason,x_w,y_w,z_w,visible_count,expected_count_ok
246936.2480941,prelaunch,Fan_1,True,ok,2.976978514531117,3.582679989963838,0.3830948822556326,4,True
246936.2485764,prelaunch,Fan_2,True,ok,5.423641774715017,3.5760344995758944,0.3702870561156153,4,True
246936.2486355,prelaunch,Fan_3,True,ok,2.983374699053639,1.08259083943351,0.3668905876300651,4,True
246936.2486633,prelaunch,Fan_4,True,ok,5.356247794212914,1.1914782684747192,0.3627202656169271,4,True
