t_host_s,phase,fan_subject,visible,reason,x_w,y_w,z_w,visible_count,expected_count_ok
251382.4526302,prelaunch,Fan_1,True,ok,3.4531696898328805,2.3866789960433747,0.3732166836355837,3,True
251382.4533223,prelaunch,Fan_2,True,ok,4.767640214143432,2.4393189229059984,0.37624145060469794,3,True
251382.4534061,prelaunch,Fan_3,True,ok,2.2403972031346946,2.1959176893098067,0.36951753985311303,3,True
251382.4534767,prelaunch,Fan_4,False,fan_subject_occluded,,,,3,True
