t_host_s,phase,fan_subject,visible,reason,x_w,y_w,z_w,visible_count,expected_count_ok
242125.1400716,prelaunch,Fan_1,True,ok,2.9755954320250595,3.5776249384085816,0.3854839821279734,4,True
242125.1407073,prelaunch,Fan_2,True,ok,5.419344794954482,3.639281458279136,0.3764249472513111,4,True
242125.1407572,prelaunch,Fan_3,True,ok,3.013393818208587,1.1908120888142877,0.3717956661548059,4,True
242125.140787,prelaunch,Fan_4,True,ok,5.353018022347819,1.1672516017781913,0.36714328877400365,4,True
