SurfaceName,TransitionCount,TrainerMatchedCount,ReceiverMatchedCount,TrainerMissCount,ReceiverMissCount,CommitToTrainerCount,CommitToTrainerMean_s,CommitToTrainerMedian_s,CommitToTrainerP95_s,CommitToTrainerP99_s,CommitToTrainerMax_s,CommitToReceiverCount,CommitToReceiverMean_s,CommitToReceiverMedian_s,CommitToReceiverP95_s,CommitToReceiverP99_s,CommitToReceiverMax_s,DispatchToReceiverCount,DispatchToReceiverMean_s,DispatchToReceiverMedian_s,DispatchToReceiverP95_s,DispatchToReceiverP99_s,DispatchToReceiverMax_s,ScheduledToReceiverCount,ScheduledToReceiverMean_s,ScheduledToReceiverMedian_s,ScheduledToReceiverP95_s,ScheduledToReceiverP99_s,ScheduledToReceiverMax_s
Aileron_L,120,120,120,0,0,120,7.3088472776206e-07,7.136375224092717e-07,1.7080913718103826e-06,1.8958215743936082e-06,1.993387847676331e-06,120,0.02198039782700582,0.022339784982925437,0.03171308086601403,0.03347030484082218,0.03481670592285013,120,0.040683661959797286,0.04909020381294482,0.049386760392238306,0.04940448503448927,0.04941355683912718,120,0.040868836959797435,0.049234625245439645,0.04951872466125558,0.04953483576626663,0.04954255683912834
Aileron_R,120,120,120,0,0,120,0.0014696790770058587,0.0014691045758254972,0.001720126106386033,0.0017214784274533202,0.0017222872347879559,120,0.024147035327005816,0.024433541331520203,0.03342604131431735,0.035707278756041495,0.03600065476822323,120,0.04285029945979728,0.04914285792366613,0.049386760392238306,0.04940448503448927,0.04941355683912718,120,0.043035474459797426,0.04930141666424248,0.04952004413349762,0.049535051700810635,0.04954255683912834
Rudder,120,120,120,0,0,120,0.0029695019936725113,0.0029691606508848167,0.0034703515542325648,0.003476405619005725,0.003477252150595689,120,0.02498035824367264,0.02495089058250599,0.03378148227568367,0.03598460428798056,0.038785172121961864,120,0.0436836223764641,0.04914754734106097,0.049390145976875036,0.04941199723734286,0.04942453399128688,120,0.04386879737646425,0.04930747415225767,0.04952466964926394,0.04954046728583705,0.04954255683912834
Elevator,120,120,120,0,0,120,0.004459176993672998,0.004459067821674267,0.005210611674377396,0.005212161331800331,0.005213684058944068,120,0.026813712410339245,0.026992177471787393,0.03629814284859201,0.03866136746318375,0.038785172121961864,120,0.04551697654313071,0.0491836020258134,0.0493967649259778,0.04942244833237654,0.04944530624967847,120,0.045702151543130856,0.049327771837326395,0.04952619820906534,0.04954073072038094,0.04954255683912834
