SurfaceName,IsActive,BoardCommitToReferenceCount,BoardCommitToReferenceMedian_s,BoardCommitToReferenceP95_s,ReferenceToTrainerCount,ReferenceToTrainerMedian_s,ReferenceToTrainerP95_s,TrainerToReceiverCount,TrainerToReceiverMedian_s,TrainerToReceiverP95_s
Aileron_L,1,444,0.000199148586079445,0.00897739584123066,444,1.00000000013978e-06,1.00000000102796e-06,442,0.0171650000000001,0.01719895
Aileron_R,1,444,0.000199148586079445,0.00897739584123066,444,0.00149100000000002,0.00149199999999999,442,0.0156749999999999,0.01570895
Rudder,1,444,0.000199148586079445,0.00897739584123066,444,0.00298899999999991,0.00298999999999997,442,0.0141770000000001,0.014211
Elevator,1,444,0.000199148586079445,0.00897739584123066,444,0.00447699999999995,0.00447799999999963,442,0.012689,0.012724
