SurfaceName,TransitionCount,TrainerMatchedCount,ReceiverMatchedCount,TrainerMissCount,ReceiverMissCount,CommitToTrainerCount,CommitToTrainerMean_s,CommitToTrainerMedian_s,CommitToTrainerP95_s,CommitToTrainerP99_s,CommitToTrainerMax_s,CommitToReceiverCount,CommitToReceiverMean_s,CommitToReceiverMedian_s,CommitToReceiverP95_s,CommitToReceiverP99_s,CommitToReceiverMax_s,DispatchToReceiverCount,DispatchToReceiverMean_s,DispatchToReceiverMedian_s,DispatchToReceiverP95_s,DispatchToReceiverP99_s,DispatchToReceiverMax_s,ScheduledToReceiverCount,ScheduledToReceiverMean_s,ScheduledToReceiverMedian_s,ScheduledToReceiverP95_s,ScheduledToReceiverP99_s,ScheduledToReceiverMax_s
Aileron_L,303,303,303,0,0,303,0.020042080986380818,0.020024535565855928,0.020144338146864626,0.02015808207032407,0.020160533120112234,303,0.015185344894818268,0.015185395318638939,0.015217280580200132,0.015220358685534556,0.015220990710496096,303,0.033708464531781814,0.033789439569524404,0.03384135224491942,0.03385734528098073,0.03386879607898763,303,0.03396711139646843,0.033967184093043556,0.033999030580200616,0.0340021086855333,0.03400274071049658
Aileron_R,303,303,303,0,0,303,0.001531190722354095,0.001517788123834407,0.0016515169173722199,0.0016733256178332568,0.0016825252246164268,303,0.01518534406973576,0.015185395318638939,0.015217280580200132,0.015220358685534556,0.015220990710496096,303,0.03370846370669931,0.033789439569524404,0.03384135224491942,0.03385734528098073,0.03386879607898763,303,0.033967110571385926,0.033967184093043556,0.033999030580200616,0.0340021086855333,0.03400274071049658
Rudder,127,127,126,0,1,127,0.003017862082465809,0.0030081695763684024,0.003123541950462538,0.0031369731557303027,0.003143021999079565,126,0.015182137503371761,0.015180052612347339,0.015216594370851322,0.015220618110162842,0.01522102948490378,126,0.033747093852578,0.03378329591434692,0.033846001623402344,0.033858781586050934,0.03386204683845406,126,0.03396389543987967,0.03396180261234605,0.03399834437085136,0.034002368110162884,0.03400277948490249
Elevator,179,179,176,0,3,179,0.0045153148166714825,0.004502548467996803,0.004619414458944604,0.004634793220235736,0.004669827270422644,176,0.015185726462038508,0.01518562113210109,0.015216760544927155,0.015220530867745552,0.01522139580812798,176,0.03370312418931081,0.03379068899991822,0.03384874267555116,0.03385904507588222,0.03386598664318896,176,0.03396751055294695,0.03396737113209625,0.033998510544927196,0.03400228086774515,0.034003145808128465
