metric,count,mean_s,median_s,p95_s,p99_s,max_s
commit_to_trainer_latency_s,912,0.008473915750443017,0.004442285233536403,0.02012470918804681,0.02015182537438587,0.020160533120112234
commit_to_receiver_latency_s,908,0.015184973501105165,0.015184990221001726,0.015217205856769934,0.015220635192589782,0.01522139580812798
dispatch_to_receiver_latency_s,908,0.033712789580400124,0.03378918664140684,0.03384416068332108,0.03385811663238947,0.03386879607898763
scheduled_to_receiver_latency_s,908,0.033966742223571995,0.03396674022099688,0.033998955856769264,0.03400238519259014,0.034003145808128465
