SurfaceName,TransitionCount,TrainerMatchedCount,ReceiverMatchedCount,TrainerMissCount,ReceiverMissCount,CommitToTrainerCount,CommitToTrainerMean_s,CommitToTrainerMedian_s,CommitToTrainerP95_s,CommitToTrainerP99_s,CommitToTrainerMax_s,CommitToReceiverCount,CommitToReceiverMean_s,CommitToReceiverMedian_s,CommitToReceiverP95_s,CommitToReceiverP99_s,CommitToReceiverMax_s,DispatchToReceiverCount,DispatchToReceiverMean_s,DispatchToReceiverMedian_s,DispatchToReceiverP95_s,DispatchToReceiverP99_s,DispatchToReceiverMax_s,ScheduledToReceiverCount,ScheduledToReceiverMean_s,ScheduledToReceiverMedian_s,ScheduledToReceiverP95_s,ScheduledToReceiverP99_s,ScheduledToReceiverMax_s
Aileron_L,303,303,303,0,0,303,0.020042080986380818,0.020024535565855928,0.020144338146864626,0.02015808207032407,0.020160533120112234,303,0.017554313726166972,0.015182720221091017,0.03517627789167861,0.035200127164034145,0.03520503771090233,303,0.036077433363130525,0.033788017596315,0.053797755188215036,0.05381989072910159,0.053834737953001977,303,0.03633608022781713,0.03396447022109328,0.053958027891680874,0.05398187716403626,0.05398678771090282
Aileron_R,303,303,303,0,0,303,0.001531190722354095,0.001517788123834407,0.0016515169173722199,0.0016733256178332568,0.0016825252246164268,303,0.018742416036397966,0.015183971744320957,0.035189160796890204,0.035204336407185545,0.035206542827312504,303,0.037265535673361515,0.03379245467617409,0.053799008351670355,0.05382217003935786,0.05385214039015729,303,0.03752418253804813,0.03396572174432322,0.05397095232555671,0.053986086407186065,0.05398829282731299
Rudder,127,127,127,0,0,127,0.003017862082465809,0.0030081695763684024,0.003123541950462538,0.0031369731557303027,0.003143021999079565,127,0.016750101809982317,0.015176359925732186,0.035158954484919035,0.03519448414176715,0.035204104458269825,127,0.035315686455651495,0.03377971600249907,0.05378462778999875,0.05382398303831806,0.05383811578458264,127,0.035531859683998,0.03395810992572734,0.05394070448491632,0.05397623414176493,0.05398585445827031
Elevator,179,179,179,0,0,179,0.0045153148166714825,0.004502548467996803,0.004619414458944604,0.004634793220235736,0.004669827270422644,179,0.018418246918146714,0.015183324423574618,0.03519257092036341,0.03520291698988544,0.035207718893566664,179,0.03693751647121887,0.03379329950528387,0.05380275254042353,0.05383805498468007,0.053844415229772125,179,0.037200030437699066,0.03396507442357688,0.05397432092036212,0.05398466698988415,0.053989468893568926
