t_host_s,phase,fan_subject,visible,reason,x_w,y_w,z_w,visible_count,expected_count_ok
257456.1278951,prelaunch,Fan_1,True,ok,3.8668928334335204,2.0735590580426284,0.3703125550935328,4,True
257456.1286376,prelaunch,Fan_2,True,ok,4.563809726930721,2.7271234124967556,0.3688980709948043,4,True
257456.1286987,prelaunch,Fan_3,True,ok,2.7613195084498074,2.728624486319206,0.3680920961336688,4,True
257456.1287371,prelaunch,Fan_4,True,ok,4.957310955126666,1.8422737490250563,0.36656600761519076,4,True
