t_host_s,phase,fan_subject,visible,reason,x_w,y_w,z_w,visible_count,expected_count_ok
241792.6059347,prelaunch,Fan_1,True,ok,2.9734105414965604,3.5791641084624426,0.38683337862756534,4,True
241792.6065817,prelaunch,Fan_2,True,ok,5.42022010434532,3.638951797367462,0.37894387503699106,4,True
241792.6066378,prelaunch,Fan_3,True,ok,3.011515754124873,1.1954264506497492,0.3746229017449114,4,True
241792.606673,prelaunch,Fan_4,True,ok,5.355140472377621,1.1636637420642852,0.371207230166353,4,True
