t_host_s,phase,fan_subject,visible,reason,x_w,y_w,z_w,visible_count,expected_count_ok
250631.3017053,prelaunch,Fan_1,True,ok,3.45363417874116,2.3860307114588375,0.37357252212177594,3,True
250631.3036319,prelaunch,Fan_2,True,ok,4.763859352381477,2.4423616083569466,0.37693686976295804,3,True
250631.3036887,prelaunch,Fan_3,True,ok,2.242199215300828,2.1930541708177813,0.3699882799694466,3,True
250631.3037111,prelaunch,Fan_4,False,fan_subject_occluded,,,,3,True
