t_host_s,phase,fan_subject,visible,reason,x_w,y_w,z_w,visible_count,expected_count_ok
260397.7252922,prelaunch,Fan_1,True,ok,3.8673822008479166,2.077639698889228,0.36692969436958356,4,True
260397.7259261,prelaunch,Fan_2,True,ok,4.598097879004595,2.7587820752345356,0.3701258011214006,4,True
260397.7259899,prelaunch,Fan_3,True,ok,2.7625975162692438,2.736851686968031,0.3637234217684918,4,True
260397.7260615,prelaunch,Fan_4,True,ok,4.9289030885727705,1.893878110389111,0.3668821523095759,4,True
