t_host_s,phase,fan_subject,visible,reason,x_w,y_w,z_w,visible_count,expected_count_ok
250732.8300111,prelaunch,Fan_1,True,ok,3.4534431862975112,2.386338346453831,0.3732511510623937,3,True
250732.8307494,prelaunch,Fan_2,True,ok,4.764128569869474,2.442584094490841,0.3765809054743442,3,True
250732.8309352,prelaunch,Fan_3,True,ok,2.2420328138970502,2.196054480547564,0.36965183887858327,3,True
250732.8309816,prelaunch,Fan_4,False,fan_subject_occluded,,,,3,True
