t_host_s,phase,fan_subject,visible,reason,x_w,y_w,z_w,visible_count,expected_count_ok
260841.3968906,prelaunch,Fan_1,True,ok,3.8688625660339526,2.0784997673511754,0.3672856674518984,4,True
260841.397556,prelaunch,Fan_2,True,ok,4.597340780262176,2.7581244224796135,0.3718432745121796,4,True
260841.3976062,prelaunch,Fan_3,True,ok,2.7624148939730766,2.754681457023479,0.357082943951472,4,True
260841.3976361,prelaunch,Fan_4,True,ok,4.9282825274607704,1.8936231525209704,0.3669398912259815,4,True
