t_host_s,phase,fan_subject,visible,reason,x_w,y_w,z_w,visible_count,expected_count_ok
260632.6537388,prelaunch,Fan_1,True,ok,3.867182690107682,2.0765350452970925,0.36705337991686104,4,True
260632.6554721,prelaunch,Fan_2,True,ok,4.597814953080609,2.7575377917848245,0.3705301882443949,4,True
260632.6555188,prelaunch,Fan_3,True,ok,2.7624227431671984,2.7457812084592637,0.3599114117055371,4,True
260632.6556986,prelaunch,Fan_4,True,ok,4.928825136037958,1.8929247321871783,0.36762058978519974,4,True
