t_host_s,phase,fan_subject,visible,reason,x_w,y_w,z_w,visible_count,expected_count_ok
252806.3395068,prelaunch,Fan_1,True,ok,3.4534776190807843,2.3872849507186022,0.3729005576422682,3,True
252806.3401064,prelaunch,Fan_2,True,ok,4.771405022586679,2.428770634758371,0.37584993335834244,3,True
252806.3401622,prelaunch,Fan_3,True,ok,2.238827026799659,2.1974308635030555,0.36793746212525563,3,True
252806.3401847,prelaunch,Fan_4,False,fan_subject_occluded,,,,3,True
