t_host_s,phase,fan_subject,visible,reason,x_w,y_w,z_w,visible_count,expected_count_ok
257115.7000797,prelaunch,Fan_1,True,ok,3.8668974460338905,2.0735631865381636,0.370745197751454,4,True
257115.7008248,prelaunch,Fan_2,True,ok,4.564178861583912,2.730585635531737,0.36933759215033146,4,True
257115.7009693,prelaunch,Fan_3,True,ok,2.761174932797566,2.726280807150037,0.3689042121433964,4,True
257115.7010312,prelaunch,Fan_4,True,ok,4.9574834157969825,1.8420743506230113,0.3668334356869668,4,True
