t_host_s,phase,fan_subject,visible,reason,x_w,y_w,z_w,visible_count,expected_count_ok
252715.4252861,prelaunch,Fan_1,True,ok,3.453466590832729,2.3870258300051668,0.37282938383062014,3,True
252715.4259394,prelaunch,Fan_2,True,ok,4.7710805822743865,2.428438908453471,0.37612964119716086,3,True
252715.4259927,prelaunch,Fan_3,True,ok,2.2392985303110855,2.19722924907285,0.36787730825446213,3,True
252715.4260155,prelaunch,Fan_4,False,fan_subject_occluded,,,,3,True
