t_host_s,phase,fan_subject,visible,reason,x_w,y_w,z_w,visible_count,expected_count_ok
251401.621684,prelaunch,Fan_1,True,ok,3.4533760758037557,2.386265980939928,0.37319333614357436,3,True
251401.6224529,prelaunch,Fan_2,True,ok,4.769423153824719,2.433107280994343,0.37647464612660286,3,True
251401.6225155,prelaunch,Fan_3,True,ok,2.2404928390288585,2.1957164756731324,0.3696103330061221,3,True
251401.6225403,prelaunch,Fan_4,False,fan_subject_occluded,,,,3,True
