t_host_s,phase,fan_subject,visible,reason,x_w,y_w,z_w,visible_count,expected_count_ok
246465.5577579,prelaunch,Fan_1,True,ok,2.977295824289784,3.5830136395480063,0.3830086792639315,4,True
246465.558503,prelaunch,Fan_2,True,ok,5.422528864619039,3.5779186742155504,0.3695618040424872,4,True
246465.5585517,prelaunch,Fan_3,True,ok,2.98199553899452,1.0776815612480468,0.3664107463395496,4,True
246465.5585807,prelaunch,Fan_4,True,ok,5.366316952778132,1.1677990331277592,0.36289302409439506,4,True
