t_host_s,phase,fan_subject,visible,reason,x_w,y_w,z_w,visible_count,expected_count_ok
258643.5017342,prelaunch,Fan_1,True,ok,3.8669543027147717,2.0772139755586956,0.36872393456136143,4,True
258643.5023595,prelaunch,Fan_2,True,ok,4.560203395296421,2.721352290863864,0.3695083795587879,4,True
258643.5024151,prelaunch,Fan_3,True,ok,2.7617645880310433,2.7300449501002775,0.3672322298864794,4,True
258643.5024474,prelaunch,Fan_4,True,ok,4.956668306691493,1.8429917870971961,0.3654906030003464,4,True
