t_host_s,phase,fan_subject,visible,reason,x_w,y_w,z_w,visible_count,expected_count_ok
247341.5015462,prelaunch,Fan_1,True,ok,2.976566695543289,3.582515024287754,0.38289687506724107,4,True
247341.5020039,prelaunch,Fan_2,True,ok,5.423514842089781,3.5773229551659913,0.36909738638396294,4,True
247341.5020637,prelaunch,Fan_3,True,ok,2.9813053580348012,1.079487903539925,0.3653237310473808,4,True
247341.5021012,prelaunch,Fan_4,True,ok,5.36870194308622,1.1807333723074547,0.3625687126239778,4,True
