t_host_s,phase,fan_subject,visible,reason,x_w,y_w,z_w,visible_count,expected_count_ok
250522.4377708,prelaunch,Fan_1,True,ok,3.4536687056078597,2.386415937703461,0.3737280713783197,3,True
250522.4387458,prelaunch,Fan_2,True,ok,4.7635207540641336,2.4427991021171604,0.3769802929533447,3,True
250522.4388352,prelaunch,Fan_3,True,ok,2.2412137185247527,2.1931501980234493,0.3700160214478409,3,True
250522.4388758,prelaunch,Fan_4,False,fan_subject_occluded,,,,3,True
