{
  "fit_id": "n30_cmq_blend_targeted_ablation_v1",
  "policy": "targeted longitudinal diagnostic only; lateral and coupling terms held at zero",
  "loaded_throw_count": 105,
  "valid_throw_count": 74,
  "filtered_throw_count": 31,
  "heldout_count": 11,
  "heldout_seed": 606,
  "alignment_window_s": 0.1,
  "replay_dt_s": 0.005,
  "workers": 8,
  "tested_cmq": [
    4.0,
    6.0,
    8.0
  ],
  "tested_blend_pairs_deg": [
    [
      12.0,
      22.0
    ],
    [
      12.0,
      24.0
    ],
    [
      14.0,
      22.0
    ],
    [
      14.0,
      24.0
    ]
  ],
  "longitudinal_seed": {
    "attached_pitch_moment_bias_coeff": 0.11309832420327923,
    "transition_pitch_moment_bias_coeff": 0.05711558897899738,
    "post_stall_pitch_moment_coeff": 0.07585874586245771
  },
  "best_heldout_longitudinal": {
    "candidate_id": "cmq4_blend12_22",
    "split": "heldout",
    "cmq": 4.0,
    "blend_start_deg": 12.0,
    "blend_full_deg": 22.0,
    "count": 11,
    "longitudinal_objective": 8.512990538677512,
    "combined_objective": 23.297637654790957,
    "dx_mae_m": 0.4014638382137992,
    "dy_mae_m": 1.5543174305504543,
    "altitude_loss_mae_m": 0.17157575562218164,
    "sink_mae_m_s": 0.15351224170582703,
    "roll_mae_deg": 23.232633075759644,
    "pitch_mae_deg": 4.398224139312773,
    "yaw_mae_deg": 27.407404217295287,
    "dx_mean_m": 0.18421872273684212,
    "dy_mean_m": -1.5543174305504543,
    "altitude_loss_mean_m": -0.12801045746886877,
    "sink_mean_m_s": -0.11552647854831428,
    "roll_mean_deg": -22.90057854670413,
    "pitch_mean_deg": -3.089745026338025,
    "yaw_mean_deg": -27.407404217295287
  },
  "best_heldout_combined": {
    "candidate_id": "cmq4_blend12_22",
    "split": "heldout",
    "cmq": 4.0,
    "blend_start_deg": 12.0,
    "blend_full_deg": 22.0,
    "count": 11,
    "longitudinal_objective": 8.512990538677512,
    "combined_objective": 23.297637654790957,
    "dx_mae_m": 0.4014638382137992,
    "dy_mae_m": 1.5543174305504543,
    "altitude_loss_mae_m": 0.17157575562218164,
    "sink_mae_m_s": 0.15351224170582703,
    "roll_mae_deg": 23.232633075759644,
    "pitch_mae_deg": 4.398224139312773,
    "yaw_mae_deg": 27.407404217295287,
    "dx_mean_m": 0.18421872273684212,
    "dy_mean_m": -1.5543174305504543,
    "altitude_loss_mean_m": -0.12801045746886877,
    "sink_mean_m_s": -0.11552647854831428,
    "roll_mean_deg": -22.90057854670413,
    "pitch_mean_deg": -3.089745026338025,
    "yaw_mean_deg": -27.407404217295287
  }
}