t_host_s,phase,fan_subject,visible,reason,x_w,y_w,z_w,visible_count,expected_count_ok
258926.738031,prelaunch,Fan_1,True,ok,3.867513133145506,2.07727406468877,0.36746135037034977,4,True
258926.7389281,prelaunch,Fan_2,True,ok,4.597303065630157,2.758186038385193,0.372157762438486,4,True
258926.7389816,prelaunch,Fan_3,True,ok,2.7618736334189093,2.7324215064282886,0.3656985554322736,4,True
258926.7390142,prelaunch,Fan_4,True,ok,4.930563134829955,1.8935626674216333,0.3696473728173353,4,True
