t_host_s,phase,fan_subject,visible,reason,x_w,y_w,z_w,visible_count,expected_count_ok
250208.2393781,prelaunch,Fan_1,True,ok,3.4536100782589587,2.386241798704113,0.37386199967151446,3,True
250208.2402514,prelaunch,Fan_2,True,ok,4.762929762111659,2.445357378793127,0.37726740435464157,3,True
250208.2403727,prelaunch,Fan_3,True,ok,2.240341885818948,2.1929962786088124,0.3699058008139943,3,True
250208.2404257,prelaunch,Fan_4,False,fan_subject_occluded,,,,3,True
