t_host_s,phase,fan_subject,visible,reason,x_w,y_w,z_w,visible_count,expected_count_ok
261158.6163177,prelaunch,Fan_1,True,ok,3.869189668342406,2.0784323873289785,0.36692948173132667,4,True
261158.6177131,prelaunch,Fan_2,True,ok,4.5977382940499485,2.7585247455246136,0.37063533894150136,4,True
261158.6178466,prelaunch,Fan_3,True,ok,2.758321875175319,2.72813786618887,0.3685320061246028,4,True
261158.6179236,prelaunch,Fan_4,True,ok,4.928341052976178,1.8936583175399049,0.3671190178140653,4,True
