t_host_s,phase,fan_subject,visible,reason,x_w,y_w,z_w,visible_count,expected_count_ok
246599.586538,prelaunch,Fan_1,True,ok,2.9768897121632345,3.582758225534282,0.38314168497170914,4,True
246599.5869853,prelaunch,Fan_2,True,ok,5.422405809621833,3.57786967181051,0.36952681955184763,4,True
246599.5870243,prelaunch,Fan_3,True,ok,2.9824193857101178,1.080938998993158,0.3652334146782,4,True
246599.5870487,prelaunch,Fan_4,True,ok,5.359166036110775,1.1728656961101864,0.3621110722553576,4,True
