metric,count,mean_s,median_s,p95_s,p99_s,max_s
commit_to_trainer_latency_s,941,0.0018370584053583354,0.0014796517723638658,0.00447786766206093,0.0045183302760932525,0.004531866133035578
commit_to_receiver_latency_s,877,0.00342703872191132,0.0033583866445994204,0.0034141972219234873,0.003417375605894364,0.04337867772809645
dispatch_to_receiver_latency_s,877,0.02490266101381541,0.02485857118886514,0.02493271115061546,0.024951065605893774,0.06480042772809824
scheduled_to_receiver_latency_s,877,0.025095974582800662,0.02502713664459577,0.02508294722192339,0.025086511149032587,0.06504742772809635
