{
  "current_position_offset_m": [
    3.9,
    2.2,
    1.95
  ],
  "current_transform_error_m": [
    -0.1993054302583499,
    -0.10396499153587713,
    1.8096035488347686
  ],
  "current_transformed_mean_m": [
    1.00069456974165,
    1.496035008464123,
    2.0096035488347685
  ],
  "current_yaw_alignment_deg": 0.0,
  "invalid_reasons": {
    "vicon_subject_occluded": 1
  },
  "known_arena_point_m": [
    1.2,
    1.6,
    0.2
  ],
  "raw_vicon_mean_m": [
    -2.8993054302583503,
    -0.7039649915358771,
    0.0596035488347692
  ],
  "raw_vicon_std_m": [
    0.0011086341526139953,
    0.0008023776675540481,
    0.001873449761479189
  ],
  "recommended_position_offset_m": [
    4.09930543025835,
    2.303964991535877,
    0.1403964511652308
  ],
  "run_root": "C:/Users/GH-X-ST/OneDrive - Imperial College London/Year 4/Final Year Project/01 - Github/Nausicaa/04_Flight_Test/05_Results/vicon_frame_calibration/20260601_191440",
  "status": "ok",
  "valid_sample_count": 150
}