t_host_s,phase,fan_subject,visible,reason,x_w,y_w,z_w,visible_count,expected_count_ok
260564.0730091,prelaunch,Fan_1,True,ok,3.867574908833321,2.0778143181224413,0.3674803575986425,4,True
260564.0747725,prelaunch,Fan_2,True,ok,4.597573777957604,2.7575171827154157,0.37023875348088453,4,True
260564.074834,prelaunch,Fan_3,True,ok,2.7626383834598536,2.7457482672060425,0.3603136065823527,4,True
260564.0748634,prelaunch,Fan_4,True,ok,4.928729992717015,1.8935873279724467,0.36705588439596415,4,True
