t_host_s,phase,fan_subject,visible,reason,x_w,y_w,z_w,visible_count,expected_count_ok
257439.2644196,prelaunch,Fan_1,True,ok,3.8662816167497285,2.072965452532146,0.37064749058630075,4,True
257439.265158,prelaunch,Fan_2,True,ok,4.563636185064866,2.7272595474961614,0.36927637136862124,4,True
257439.2652159,prelaunch,Fan_3,True,ok,2.760857850469824,2.72775012237946,0.3687222245045487,4,True
257439.2653823,prelaunch,Fan_4,True,ok,4.956900413335539,1.8422164278285487,0.3669971765509322,4,True
