t_host_s,phase,fan_subject,visible,reason,x_w,y_w,z_w,visible_count,expected_count_ok
246537.2460726,prelaunch,Fan_1,True,ok,2.9768685009606424,3.582854584305296,0.38328592317172183,4,True
246537.2467691,prelaunch,Fan_2,True,ok,5.422767272463892,3.5780416645683255,0.3695486362768148,4,True
246537.24683,prelaunch,Fan_3,True,ok,2.9777705075077954,1.0809636608937694,0.3653868931691634,4,True
246537.2468653,prelaunch,Fan_4,True,ok,5.356070117006401,1.1721616011538956,0.36301845326763316,4,True
