policy_id,primitive_execution_count,continuation_agreement_rate,terminal_agreement_rate,hard_failure_agreement_rate,mean_energy_residual_actual_m,mean_lift_dwell_actual_s
context_only_without_memory,306,0.7254901960784313,0.9019607843137255,0.45751633986928103,-0.28876632380091777,0.237843137254902
context_plus_memory_lambda_0_5,306,0.7254901960784313,0.9019607843137255,0.45751633986928103,-0.28876632380091777,0.237843137254902
context_plus_memory_lambda_0_8,306,0.7254901960784313,0.9019607843137255,0.45751633986928103,-0.28876632380091777,0.237843137254902
context_plus_memory_lambda_0_95,306,0.7254901960784313,0.9019607843137255,0.45751633986928103,-0.28876632380091777,0.237843137254902
no_memory_baseline,306,0.7254901960784313,0.9019607843137255,0.45751633986928103,-0.28876632380091777,0.237843137254902
static_map_baseline,306,0.7254901960784313,0.9019607843137255,0.45751633986928103,-0.28876632380091777,0.237843137254902
