t_host_s,phase,fan_subject,visible,reason,x_w,y_w,z_w,visible_count,expected_count_ok
243236.5722781,prelaunch,Fan_1,True,ok,2.9771810600158677,3.579547947705522,0.38377372120873676,4,True
243236.5730737,prelaunch,Fan_2,True,ok,5.4205242661700055,3.643495587598207,0.3750263885893888,4,True
243236.5731416,prelaunch,Fan_3,True,ok,3.0198953419212042,1.1881633356672405,0.36922844624121076,4,True
243236.5731808,prelaunch,Fan_4,True,ok,5.354530818732001,1.1593509365361396,0.365008806085779,4,True
