t_host_s,phase,fan_subject,visible,reason,x_w,y_w,z_w,visible_count,expected_count_ok
260904.4141788,prelaunch,Fan_1,True,ok,3.8689315317937663,2.0785982155856844,0.3670623166056659,4,True
260904.4150158,prelaunch,Fan_2,True,ok,4.59792154962724,2.7590100889669182,0.37026256287041037,4,True
260904.4150818,prelaunch,Fan_3,True,ok,2.7590501398669973,2.7284323136529443,0.36997682377533436,4,True
260904.4152899,prelaunch,Fan_4,True,ok,4.9284249269282485,1.8936214234450985,0.3666864769445429,4,True
