t_host_s,phase,fan_subject,visible,reason,x_w,y_w,z_w,visible_count,expected_count_ok
260823.0143533,prelaunch,Fan_1,True,ok,3.8691227339173575,2.078068221754947,0.3667637129527579,4,True
260823.0148025,prelaunch,Fan_2,True,ok,4.597739733599554,2.7586691463884376,0.36984967473148833,4,True
260823.0148462,prelaunch,Fan_3,True,ok,2.7632158303659717,2.750762087836341,0.3579981373779203,4,True
260823.0148728,prelaunch,Fan_4,True,ok,4.928529211474549,1.893451299429393,0.36669971622908504,4,True
