t_host_s,phase,fan_subject,visible,reason,x_w,y_w,z_w,visible_count,expected_count_ok
257672.2898887,prelaunch,Fan_1,True,ok,3.8668960079998635,2.07361312759769,0.3705516614774683,4,True
257672.2904285,prelaunch,Fan_2,True,ok,4.563598216573773,2.726709060239387,0.3691229385951831,4,True
257672.2904829,prelaunch,Fan_3,True,ok,2.7617967005279693,2.7314925574854767,0.3668579757114979,4,True
257672.2905123,prelaunch,Fan_4,True,ok,4.95725477255918,1.8423855118347843,0.36667362319948205,4,True
