t_host_s,phase,fan_subject,visible,reason,x_w,y_w,z_w,visible_count,expected_count_ok
250358.4207984,prelaunch,Fan_1,True,ok,3.453487788385636,2.3869714619952753,0.3739287446727074,3,True
250358.4219314,prelaunch,Fan_2,True,ok,4.763587375388472,2.4454714750217468,0.3766561508697479,3,True
250358.4220102,prelaunch,Fan_3,True,ok,2.241643283772315,2.1938173136329526,0.3700984837926897,3,True
250358.4220411,prelaunch,Fan_4,False,fan_subject_occluded,,,,3,True
