t_host_s,phase,fan_subject,visible,reason,x_w,y_w,z_w,visible_count,expected_count_ok
257042.846326,prelaunch,Fan_1,True,ok,3.8665165976203046,2.0732748697049224,0.3719032643924951,4,True
257042.8471531,prelaunch,Fan_2,True,ok,4.563849181566328,2.7276018461361504,0.37046385757775346,4,True
257042.8472155,prelaunch,Fan_3,True,ok,2.7614291578408183,2.7247309227174785,0.37038359312172686,4,True
257042.8472532,prelaunch,Fan_4,True,ok,4.957478084033613,1.841200216105083,0.3679972284609837,4,True
