t_host_s,phase,fan_subject,visible,reason,x_w,y_w,z_w,visible_count,expected_count_ok
246857.0404159,prelaunch,Fan_1,True,ok,2.97667188715613,3.582532471315009,0.38288845865879306,4,True
246857.0422303,prelaunch,Fan_2,True,ok,5.423427242038849,3.577518315902805,0.3691762302250836,4,True
246857.0422874,prelaunch,Fan_3,True,ok,2.983339685307235,1.083139790368035,0.3667865837077343,4,True
246857.0423184,prelaunch,Fan_4,True,ok,5.353762860907065,1.1939235185924886,0.3628568645961366,4,True
