t_host_s,phase,fan_subject,visible,reason,x_w,y_w,z_w,visible_count,expected_count_ok
257371.922699,prelaunch,Fan_1,True,ok,3.8672425375389348,2.0740393467952596,0.3708338956991082,4,True
257371.9233805,prelaunch,Fan_2,True,ok,4.564821316510094,2.729593258320378,0.36918319700601443,4,True
257371.9234522,prelaunch,Fan_3,True,ok,2.7612813022065184,2.72805542041344,0.36860920513998774,4,True
257371.9234861,prelaunch,Fan_4,True,ok,4.957174303648136,1.842226244572887,0.36649142702210247,4,True
