t_host_s,phase,fan_subject,visible,reason,x_w,y_w,z_w,visible_count,expected_count_ok
261196.3569417,prelaunch,Fan_1,True,ok,3.868771182978902,2.0780376038973953,0.36700417960751797,4,True
261196.3575034,prelaunch,Fan_2,True,ok,4.598110697467359,2.758905783138961,0.36993718461950953,4,True
261196.3575488,prelaunch,Fan_3,True,ok,2.757865273698758,2.727563710521972,0.368777932381521,4,True
261196.3575764,prelaunch,Fan_4,True,ok,4.928348319705648,1.893314617845769,0.366902245215852,4,True
