t_host_s,phase,fan_subject,visible,reason,x_w,y_w,z_w,visible_count,expected_count_ok
252975.5871934,prelaunch,Fan_1,True,ok,3.453912846313102,2.387249418774031,0.3730455419086567,3,True
252975.5881096,prelaunch,Fan_2,True,ok,4.771054032820834,2.428161497091227,0.3756999774605389,3,True
252975.588183,prelaunch,Fan_3,True,ok,2.2381991909346226,2.1984572757018994,0.36806860556404153,3,True
252975.5882102,prelaunch,Fan_4,False,fan_subject_occluded,,,,3,True
