t_host_s,phase,fan_subject,visible,reason,x_w,y_w,z_w,visible_count,expected_count_ok
243510.9318117,prelaunch,Fan_1,True,ok,2.977033912867059,3.5822097919333435,0.38360754181496093,4,True
243510.9337327,prelaunch,Fan_2,True,ok,5.419995590689611,3.6488533947455917,0.3758950267192191,4,True
243510.933785,prelaunch,Fan_3,True,ok,3.0211060875183455,1.1908120563366393,0.3705914612921008,4,True
243510.9338155,prelaunch,Fan_4,True,ok,5.357400371447942,1.1549393674274506,0.3642489972030133,4,True
