t_host_s,phase,fan_subject,visible,reason,x_w,y_w,z_w,visible_count,expected_count_ok
257756.7920392,prelaunch,Fan_1,True,ok,3.8674079107306,2.0738143893927115,0.36979681213139826,4,True
257756.7929481,prelaunch,Fan_2,True,ok,4.563590403480645,2.726813849390538,0.3685285028591737,4,True
257756.7930243,prelaunch,Fan_3,True,ok,2.7626948602362473,2.7374105104805877,0.36396564770668893,4,True
257756.7930616,prelaunch,Fan_4,True,ok,4.957151504978873,1.8426413049298462,0.3657597522921153,4,True
