t_host_s,phase,fan_subject,visible,reason,x_w,y_w,z_w,visible_count,expected_count_ok
252325.7841959,prelaunch,Fan_1,True,ok,3.453511612254103,2.38710904038797,0.3728214218461436,3,True
252325.7849243,prelaunch,Fan_2,True,ok,4.77109417442901,2.4287006836223215,0.3755649157927095,3,True
252325.7849917,prelaunch,Fan_3,True,ok,2.2400174084309477,2.197290834818553,0.3684012141672724,3,True
252325.785051,prelaunch,Fan_4,False,fan_subject_occluded,,,,3,True
