t_host_s,phase,fan_subject,visible,reason,x_w,y_w,z_w,visible_count,expected_count_ok
243146.2452187,prelaunch,Fan_1,True,ok,2.977275285856324,3.580014299421044,0.38368053638769695,4,True
243146.2460678,prelaunch,Fan_2,True,ok,5.419917808093495,3.644285858317102,0.3753921520135297,4,True
243146.2461342,prelaunch,Fan_3,True,ok,3.0207623658694116,1.1903398361195865,0.3692092060746831,4,True
243146.246173,prelaunch,Fan_4,True,ok,5.351893230215785,1.158823155797074,0.364704218527246,4,True
