t_host_s,phase,fan_subject,visible,reason,x_w,y_w,z_w,visible_count,expected_count_ok
258737.8334509,prelaunch,Fan_1,True,ok,3.8668765887240006,2.077096590121129,0.3684124560537738,4,True
258737.8339784,prelaunch,Fan_2,True,ok,4.5599985879897265,2.7219618975998188,0.36804931422088116,4,True
258737.8340247,prelaunch,Fan_3,True,ok,2.7618115649395643,2.7306949337233863,0.3668003948963756,4,True
258737.8340528,prelaunch,Fan_4,True,ok,4.956229129080402,1.8430971279827149,0.3650663510108133,4,True
