t_host_s,phase,fan_subject,visible,reason,x_w,y_w,z_w,visible_count,expected_count_ok
257153.4737438,prelaunch,Fan_1,True,ok,3.8667159407512477,2.073294780385527,0.37052742025297924,4,True
257153.4743179,prelaunch,Fan_2,True,ok,4.564642536389493,2.7306726997118833,0.3689329197567436,4,True
257153.4744172,prelaunch,Fan_3,True,ok,2.761106902782701,2.7257487690773687,0.3693162611857732,4,True
257153.474486,prelaunch,Fan_4,True,ok,4.957518877318293,1.8417346914116477,0.3669401722238792,4,True
