t_host_s,phase,fan_subject,visible,reason,x_w,y_w,z_w,visible_count,expected_count_ok
251453.6013378,prelaunch,Fan_1,True,ok,3.453469058533636,2.3867243524962016,0.37332602856353286,3,True
251453.6019533,prelaunch,Fan_2,True,ok,4.769369291076926,2.4330775702865775,0.3767689299982039,3,True
251453.6019952,prelaunch,Fan_3,True,ok,2.2403024491077974,2.1961465209630844,0.36966974557420673,3,True
251453.6020133,prelaunch,Fan_4,False,fan_subject_occluded,,,,3,True
