t_host_s,phase,fan_subject,visible,reason,x_w,y_w,z_w,visible_count,expected_count_ok
260732.1032634,prelaunch,Fan_1,True,ok,3.86896554705146,2.0782794602264487,0.36731711706944514,4,True
260732.1038413,prelaunch,Fan_2,True,ok,4.597423989600585,2.757830205553929,0.37131707887448073,4,True
260732.1038925,prelaunch,Fan_3,True,ok,2.7627440507691983,2.7468919027421017,0.3601158479584664,4,True
260732.1039216,prelaunch,Fan_4,True,ok,4.9284617244858495,1.893566016262879,0.36702414004607076,4,True
