t_host_s,phase,fan_subject,visible,reason,x_w,y_w,z_w,visible_count,expected_count_ok
246170.7388512,prelaunch,Fan_1,True,ok,2.977832026436493,3.582198475698562,0.3843423111651793,4,True
246170.7395124,prelaunch,Fan_2,True,ok,5.42279140231926,3.5759925760273257,0.37003362431819703,4,True
246170.7395665,prelaunch,Fan_3,True,ok,2.981005749391181,1.0768727009363457,0.36699660900762665,4,True
246170.7395984,prelaunch,Fan_4,True,ok,5.364626847351995,1.1661640365432968,0.36203745006131516,4,True
