t_host_s,phase,fan_subject,visible,reason,x_w,y_w,z_w,visible_count,expected_count_ok
247181.7889555,prelaunch,Fan_1,True,ok,2.9770164732961946,3.584117620274135,0.3823230814192498,4,True
247181.7895771,prelaunch,Fan_2,True,ok,5.423267507312769,3.5776312869600115,0.3691536363291481,4,True
247181.789626,prelaunch,Fan_3,True,ok,2.9814808236872796,1.08110065321825,0.3659808125516171,4,True
247181.789664,prelaunch,Fan_4,True,ok,5.366977860812908,1.1845180964630841,0.36306507581550723,4,True
