t_host_s,phase,fan_subject,visible,reason,x_w,y_w,z_w,visible_count,expected_count_ok
246552.833307,prelaunch,Fan_1,True,ok,2.9771469314076984,3.582594012902079,0.38290918554137104,4,True
246552.8351856,prelaunch,Fan_2,True,ok,5.422754183054938,3.577811270605497,0.3694837080596853,4,True
246552.8352819,prelaunch,Fan_3,True,ok,2.9784379528103635,1.0794080570338331,0.3657636365746259,4,True
246552.8353525,prelaunch,Fan_4,True,ok,5.3561132284867,1.1735454978223372,0.36261571465258924,4,True
