t_host_s,phase,fan_subject,visible,reason,x_w,y_w,z_w,visible_count,expected_count_ok
247301.06364,prelaunch,Fan_1,True,ok,2.977190652214546,3.582808817256444,0.3832328497622057,4,True
247301.0655144,prelaunch,Fan_2,True,ok,5.423012667076887,3.576680203989805,0.3690681301185028,4,True
247301.0655992,prelaunch,Fan_3,True,ok,2.9811686038644303,1.0802501894965397,0.36579042990916255,4,True
247301.0656353,prelaunch,Fan_4,True,ok,5.368401818525762,1.183322724202223,0.3622687641659038,4,True
