t_host_s,phase,fan_subject,visible,reason,x_w,y_w,z_w,visible_count,expected_count_ok
260597.3635981,prelaunch,Fan_1,True,ok,3.8674877539750505,2.0776901362861904,0.3665966191647039,4,True
260597.3644229,prelaunch,Fan_2,True,ok,4.59785807773177,2.7592382760650302,0.3698512113942328,4,True
260597.3646031,prelaunch,Fan_3,True,ok,2.7626546908279366,2.7472343429644526,0.35943300711970305,4,True
260597.3647373,prelaunch,Fan_4,True,ok,4.928715072325525,1.8940374640823716,0.36671887764179767,4,True
