{
  "current_position_offset_m": [
    3.9,
    2.2,
    0.0
  ],
  "current_transform_error_m": [
    -0.2869200145851811,
    -0.10180477651803432,
    -0.04092604372067566
  ],
  "current_transformed_mean_m": [
    0.9130799854148188,
    1.4981952234819658,
    0.059073956279324345
  ],
  "current_yaw_alignment_deg": 0.0,
  "invalid_reasons": {
    "vicon_subject_occluded": 1
  },
  "known_arena_point_m": [
    1.2,
    1.6,
    0.1
  ],
  "raw_vicon_mean_m": [
    -2.98692001458518,
    -0.701804776518035,
    0.059073956279324345
  ],
  "raw_vicon_std_m": [
    0.0006842701478457714,
    0.0006209588037736718,
    0.0010326582359606474
  ],
  "recommended_position_offset_m": [
    4.18692001458518,
    2.301804776518035,
    0.04092604372067566
  ],
  "run_root": "C:/Users/GH-X-ST/OneDrive - Imperial College London/Year 4/Final Year Project/01 - Github/Nausicaa/04_Flight_Test/05_Results/vicon_frame_calibration/20260601_194334",
  "status": "ok",
  "valid_sample_count": 150
}