t_host_s,phase,fan_subject,visible,reason,x_w,y_w,z_w,visible_count,expected_count_ok
246096.7022651,prelaunch,Fan_1,True,ok,2.9768237418775394,3.5828575644833887,0.38308329999854435,4,True
246096.7030142,prelaunch,Fan_2,True,ok,5.423097171183759,3.574258574886583,0.3706184573170307,4,True
246096.7030828,prelaunch,Fan_3,True,ok,2.981352075813349,1.0768537137103884,0.36745288947357496,4,True
246096.703117,prelaunch,Fan_4,True,ok,5.361813894012607,1.1678925296062999,0.361681587015655,4,True
