policy_id,primitive_execution_count,continuation_agreement_rate,terminal_agreement_rate,hard_failure_agreement_rate,mean_energy_residual_actual_m,mean_lift_dwell_actual_s
context_only_without_memory,92,0.7608695652173914,0.9347826086956522,0.41304347826086957,-0.2887843550518625,0.24065217391304355
context_plus_memory_lambda_0_5,92,0.7608695652173914,0.9347826086956522,0.41304347826086957,-0.2887843550518625,0.24065217391304355
context_plus_memory_lambda_0_8,92,0.7608695652173914,0.9347826086956522,0.41304347826086957,-0.2887843550518625,0.24065217391304355
context_plus_memory_lambda_0_95,92,0.7608695652173914,0.9347826086956522,0.41304347826086957,-0.2887843550518625,0.24065217391304355
no_memory_baseline,92,0.7608695652173914,0.9347826086956522,0.41304347826086957,-0.2887843550518625,0.24065217391304355
static_map_baseline,92,0.7608695652173914,0.9347826086956522,0.41304347826086957,-0.2887843550518625,0.24065217391304355
