t_host_s,phase,fan_subject,visible,reason,x_w,y_w,z_w,visible_count,expected_count_ok
250233.5192914,prelaunch,Fan_1,True,ok,3.4537535872704095,2.3859547744872636,0.3739193210092007,3,True
250233.5198902,prelaunch,Fan_2,True,ok,4.763317556375492,2.444372309050077,0.37739683410510105,3,True
250233.5199367,prelaunch,Fan_3,True,ok,2.2401885168530766,2.1926581270352856,0.37023049616958625,3,True
250233.5199563,prelaunch,Fan_4,False,fan_subject_occluded,,,,3,True
