t_host_s,phase,fan_subject,visible,reason,x_w,y_w,z_w,visible_count,expected_count_ok
247330.0353569,prelaunch,Fan_1,True,ok,2.9769843488314978,3.582626468434582,0.3830247549302178,4,True
247330.0360193,prelaunch,Fan_2,True,ok,5.42328631548874,3.577178603835126,0.36901354469110187,4,True
247330.0360854,prelaunch,Fan_3,True,ok,2.981407620086949,1.0800143076935205,0.3656726791317916,4,True
247330.036125,prelaunch,Fan_4,True,ok,5.368278634465918,1.1812306211927641,0.3624910283182403,4,True
