t_host_s,phase,fan_subject,visible,reason,x_w,y_w,z_w,visible_count,expected_count_ok
247001.4982287,prelaunch,Fan_1,True,ok,2.9767258696143726,3.5827904863303073,0.3825993781378553,4,True
247001.4989536,prelaunch,Fan_2,True,ok,5.42305073835462,3.577471360794023,0.3691919354155145,4,True
247001.4990045,prelaunch,Fan_3,True,ok,2.982397288281737,1.081875766383712,0.366663827249846,4,True
247001.4990393,prelaunch,Fan_4,True,ok,5.360264975031396,1.1891490031906398,0.3625357363027026,4,True
