t_host_s,phase,fan_subject,visible,reason,x_w,y_w,z_w,visible_count,expected_count_ok
251275.8495444,prelaunch,Fan_1,True,ok,3.4537407785733496,2.3868603495885585,0.373673986174614,3,True
251275.8514628,prelaunch,Fan_2,True,ok,4.765310151408455,2.441610984859791,0.3762311989960649,3,True
251275.8515378,prelaunch,Fan_3,True,ok,2.2410106218850983,2.195797692434047,0.3694921735582298,3,True
251275.8515781,prelaunch,Fan_4,False,fan_subject_occluded,,,,3,True
