t_host_s,phase,fan_subject,visible,reason,x_w,y_w,z_w,visible_count,expected_count_ok
247437.9766118,prelaunch,Fan_1,True,ok,2.9768120163549976,3.5826527149346203,0.38291355297259544,4,True
247437.9772057,prelaunch,Fan_2,True,ok,5.423156219699882,3.577434980681542,0.36903583641358767,4,True
247437.9772577,prelaunch,Fan_3,True,ok,2.9816639954595945,1.078254558466823,0.36541468425379015,4,True
247437.9772869,prelaunch,Fan_4,True,ok,5.369233887297236,1.1802404537399445,0.3624167439471186,4,True
