t_host_s,phase,fan_subject,visible,reason,x_w,y_w,z_w,visible_count,expected_count_ok
247101.0665255,prelaunch,Fan_1,True,ok,2.9769764354050423,3.582889541697312,0.3828411816559919,4,True
247101.0674433,prelaunch,Fan_2,True,ok,5.423246259384061,3.577655388270193,0.36918535154107196,4,True
247101.0675849,prelaunch,Fan_3,True,ok,2.9819591793212274,1.0817502621868995,0.3664756746952403,4,True
247101.0677124,prelaunch,Fan_4,True,ok,5.363611067521357,1.1861876269170017,0.36284279167660605,4,True
