t_host_s,phase,fan_subject,visible,reason,x_w,y_w,z_w,visible_count,expected_count_ok
246048.325577,prelaunch,Fan_1,True,ok,2.9773803588295964,3.5828200815404103,0.38334068088781403,4,True
246048.326335,prelaunch,Fan_2,True,ok,5.423037052484906,3.574446803859197,0.3698155896557896,4,True
246048.326378,prelaunch,Fan_3,True,ok,2.981327715608018,1.0774910472805728,0.3676065677146706,4,True
246048.3264291,prelaunch,Fan_4,True,ok,5.362373483886605,1.1663644582229875,0.36250203086054156,4,True
