SurfaceName,IsActive,BoardCommitToReferenceCount,BoardCommitToReferenceMedian_s,BoardCommitToReferenceP95_s,ReferenceToTrainerCount,ReferenceToTrainerMedian_s,ReferenceToTrainerP95_s,TrainerToReceiverCount,TrainerToReceiverMedian_s,TrainerToReceiverP95_s
Aileron_L,1,3840,0.00404109170940004,0.00428252882862963,3834,2.49999999368811e-07,2.50000006474238e-07,3790,0.00998837499999894,0.0189616000000013
Aileron_R,1,3840,0.00404109170940004,0.00428252882862963,3840,0.0014687500000008,0.00171900000000136,3796,0.00858274999999864,0.0174925000000004
Rudder,1,3840,0.00404109170940004,0.00428252882862963,3840,0.0029687499999973,0.00346949999999957,3796,0.00709324999999961,0.0159925000000003
Elevator,1,3840,0.00404109170940004,0.00428252882862963,3833,0.00445850000000192,0.00520949999999942,3792,0.0056172500000029,0.0145031250000006
