metric,count,mean_s,median_s,p95_s,p99_s,max_s
commit_to_trainer_latency_s,480,0.0022247722372697822,0.002094817801733484,0.005209288071026119,0.00521068396821029,0.005213684058944068
commit_to_receiver_latency_s,480,0.02448037595200588,0.02468565727459726,0.03449900315557386,0.03729043942734592,0.038785172121961864
dispatch_to_receiver_latency_s,480,0.043183640084797345,0.04914309340514933,0.04938980168146756,0.04941355683912718,0.04944530624967847
scheduled_to_receiver_latency_s,480,0.043368815084797493,0.049301984913043384,0.04952460032438388,0.04954153399128636,0.04954255683912834
