t_host_s,phase,fan_subject,visible,reason,x_w,y_w,z_w,visible_count,expected_count_ok
241985.3449183,prelaunch,Fan_1,True,ok,2.9757075506497888,3.5781901476883857,0.3851735309992619,4,True
241985.3453849,prelaunch,Fan_2,True,ok,5.4193674341817,3.6397942666864944,0.37740931406327577,4,True
241985.3455132,prelaunch,Fan_3,True,ok,3.0104900273420254,1.1930874079958673,0.37198115539826965,4,True
241985.3455645,prelaunch,Fan_4,True,ok,5.354346976559494,1.1675474599871118,0.3676059137363198,4,True
