t_host_s,phase,fan_subject,visible,reason,x_w,y_w,z_w,visible_count,expected_count_ok
247273.8546146,prelaunch,Fan_1,True,ok,2.976835285642501,3.582615492582517,0.3828560359066865,4,True
247273.8553533,prelaunch,Fan_2,True,ok,5.4230250087112495,3.577667720155035,0.36903216141482603,4,True
247273.8554047,prelaunch,Fan_3,True,ok,2.9810175096368563,1.080554413373153,0.36570555227848095,4,True
247273.855436,prelaunch,Fan_4,True,ok,5.36812081576694,1.1831758875657885,0.36259871217542256,4,True
