t_host_s,phase,fan_subject,visible,reason,x_w,y_w,z_w,visible_count,expected_count_ok
246786.4156665,prelaunch,Fan_1,True,ok,2.9769399381791826,3.583054353569545,0.38279685364184735,4,True
246786.4163265,prelaunch,Fan_2,True,ok,5.423462423133919,3.5774298988324773,0.3692473363708924,4,True
246786.416401,prelaunch,Fan_3,True,ok,2.9829520079696055,1.0837449653424187,0.3673064341408105,4,True
246786.4164379,prelaunch,Fan_4,True,ok,5.351406780123536,1.1947826440118352,0.362815632615435,4,True
