t_host_s,phase,fan_subject,visible,reason,x_w,y_w,z_w,visible_count,expected_count_ok
257614.8350948,prelaunch,Fan_1,True,ok,3.866799191564198,2.073345749356416,0.370069804515064,4,True
257614.8356915,prelaunch,Fan_2,True,ok,4.563602859221761,2.726394831796015,0.36871463178716113,4,True
257614.8357379,prelaunch,Fan_3,True,ok,2.7614258528413904,2.729713203428644,0.3671874138125061,4,True
257614.835765,prelaunch,Fan_4,True,ok,4.9572586565559,1.8423356244240046,0.3659325068615862,4,True
