t_host_s,phase,fan_subject,visible,reason,x_w,y_w,z_w,visible_count,expected_count_ok
251120.0074808,prelaunch,Fan_1,True,ok,3.4534646245626472,2.386541363289094,0.37313271238600193,3,True
251120.0082003,prelaunch,Fan_2,True,ok,4.7649690888898,2.442002283865579,0.37628390456411104,3,True
251120.0086718,prelaunch,Fan_3,True,ok,2.24131033559247,2.1961753733824096,0.369310828924499,3,True
251120.0087126,prelaunch,Fan_4,False,fan_subject_occluded,,,,3,True
