t_host_s,phase,fan_subject,visible,reason,x_w,y_w,z_w,visible_count,expected_count_ok
243771.714185,prelaunch,Fan_1,True,ok,2.9768985566165065,3.583253654178023,0.3835317333997766,4,True
243771.7164059,prelaunch,Fan_2,True,ok,5.4189067917699045,3.651890034566258,0.37425807872419653,4,True
243771.7165024,prelaunch,Fan_3,True,ok,3.012668452175022,1.133203304223428,0.3717553941048359,4,True
243771.7165523,prelaunch,Fan_4,True,ok,5.359644430568614,1.155451695426341,0.3639011777363554,4,True
