t_host_s,phase,fan_subject,visible,reason,x_w,y_w,z_w,visible_count,expected_count_ok
251328.8679793,prelaunch,Fan_1,True,ok,3.4536259971625074,2.387051870022466,0.3733223653597661,3,True
251328.8685127,prelaunch,Fan_2,True,ok,4.766373645318774,2.441115612060073,0.37610430558442487,3,True
251328.8685581,prelaunch,Fan_3,True,ok,2.2405487485734783,2.1961880261609688,0.3696526218251306,3,True
251328.8685774,prelaunch,Fan_4,False,fan_subject_occluded,,,,3,True
