t_host_s,phase,fan_subject,visible,reason,x_w,y_w,z_w,visible_count,expected_count_ok
257567.6916597,prelaunch,Fan_1,True,ok,3.8669914372678384,2.0737866316297318,0.37052216727107,4,True
257567.6923207,prelaunch,Fan_2,True,ok,4.563743521076263,2.727273523535776,0.36901308317429216,4,True
257567.6923752,prelaunch,Fan_3,True,ok,2.7614256874288508,2.730136042578637,0.3671040814446376,4,True
257567.692407,prelaunch,Fan_4,True,ok,4.957427197518376,1.842620255671598,0.36665014459221046,4,True
