t_host_s,phase,fan_subject,visible,reason,x_w,y_w,z_w,visible_count,expected_count_ok
246144.5428161,prelaunch,Fan_1,True,ok,2.9773729459345026,3.5830552956957895,0.3830981897330639,4,True
246144.5446308,prelaunch,Fan_2,True,ok,5.42282070282023,3.575530219820328,0.36982476050172136,4,True
246144.5446869,prelaunch,Fan_3,True,ok,2.981515845536199,1.0768116155116538,0.3672997615385381,4,True
246144.5447408,prelaunch,Fan_4,True,ok,5.364656656220359,1.1657001379048284,0.36196892848570555,4,True
