t_host_s,phase,fan_subject,visible,reason,x_w,y_w,z_w,visible_count,expected_count_ok
246378.6573225,prelaunch,Fan_1,True,ok,2.976826423037843,3.5826324978626074,0.38319743493885927,4,True
246378.6589638,prelaunch,Fan_2,True,ok,5.422709888371344,3.5777773627087814,0.36958002685957336,4,True
246378.6590136,prelaunch,Fan_3,True,ok,2.9807373095104177,1.077828703397396,0.36626062402410614,4,True
246378.6590723,prelaunch,Fan_4,True,ok,5.365235944942514,1.1698603076517025,0.3630254883675413,4,True
