t_host_s,phase,fan_subject,visible,reason,x_w,y_w,z_w,visible_count,expected_count_ok
244459.9487673,prelaunch,Fan_1,True,ok,2.976528355660498,3.582651473530226,0.38301697177377464,4,True
244459.9506236,prelaunch,Fan_2,True,ok,5.419302320036675,3.650816667840595,0.3747788661956052,4,True
244459.9506798,prelaunch,Fan_3,True,ok,3.016313449719543,1.134175936234586,0.36944521718456325,4,True
244459.9507117,prelaunch,Fan_4,True,ok,5.36558922733451,1.1582028045513846,0.363243036748845,4,True
