t_host_s,phase,fan_subject,visible,reason,x_w,y_w,z_w,visible_count,expected_count_ok
257703.2722282,prelaunch,Fan_1,True,ok,3.866986339145654,2.0740309665238694,0.370131163144487,4,True
257703.272675,prelaunch,Fan_2,True,ok,4.56369553950141,2.727540756887193,0.36831795564225367,4,True
257703.2727422,prelaunch,Fan_3,True,ok,2.7618847086674942,2.733660225906453,0.36553798389251346,4,True
257703.2727819,prelaunch,Fan_4,True,ok,4.95700629196994,1.8425756470960828,0.3659732163863806,4,True
