t_host_s,phase,fan_subject,visible,reason,x_w,y_w,z_w,visible_count,expected_count_ok
246202.0214238,prelaunch,Fan_1,True,ok,2.9768575558343855,3.5831636050608946,0.3829455670884104,4,True
246202.0220357,prelaunch,Fan_2,True,ok,5.422644285875787,3.5758634234541917,0.36983670778623856,4,True
246202.0220843,prelaunch,Fan_3,True,ok,2.9817803487417818,1.0772617300166822,0.36694278124732865,4,True
246202.0221146,prelaunch,Fan_4,True,ok,5.3674210226247325,1.1678809077639332,0.3620448517349336,4,True
