policy_id,primitive_execution_count,continuation_agreement_rate,terminal_agreement_rate,hard_failure_agreement_rate,mean_energy_residual_actual_m,mean_lift_dwell_actual_s
context_only_without_memory,97,0.7422680412371134,0.8969072164948454,0.41237113402061853,-0.3584486976172132,0.26556701030927843
context_plus_memory_lambda_0_5,105,0.7714285714285715,0.8857142857142857,0.3619047619047619,-0.3574204527956316,0.20628571428571435
context_plus_memory_lambda_0_8,99,0.7272727272727273,0.9494949494949495,0.48484848484848486,-0.28470853264263996,0.2713131313131314
context_plus_memory_lambda_0_95,98,0.7346938775510204,0.8775510204081632,0.40816326530612246,-0.23817380989093223,0.22489795918367353
no_memory_baseline,103,0.7475728155339806,0.912621359223301,0.4368932038834951,-0.37156486578317294,0.2339805825242719
static_map_baseline,106,0.7830188679245284,0.9150943396226415,0.330188679245283,-0.26637830189025014,0.2181132075471699
