t_host_s,phase,fan_subject,visible,reason,x_w,y_w,z_w,visible_count,expected_count_ok
250501.5008686,prelaunch,Fan_1,True,ok,3.4529446035793985,2.385206204916255,0.3735620226651327,3,True
250501.5013562,prelaunch,Fan_2,True,ok,4.76317761031346,2.443061209561607,0.3770003238359079,3,True
250501.5015058,prelaunch,Fan_3,True,ok,2.240477937693498,2.192334631207374,0.37035339889933633,3,True
250501.5015318,prelaunch,Fan_4,False,fan_subject_occluded,,,,3,True
