t_host_s,phase,fan_subject,visible,reason,x_w,y_w,z_w,visible_count,expected_count_ok
246519.2180856,prelaunch,Fan_1,True,ok,2.9769212955430717,3.5826790797300267,0.3829879227176166,4,True
246519.2186272,prelaunch,Fan_2,True,ok,5.422716897251482,3.5779878590757024,0.3695918359319751,4,True
246519.2187983,prelaunch,Fan_3,True,ok,2.977847459218592,1.080642770169953,0.36600902969827037,4,True
246519.2189807,prelaunch,Fan_4,True,ok,5.356314377465508,1.1721506313613248,0.3633075971268135,4,True
